
$ cd frontend && npm install --no-audit --no-fund

> alexandrie@8.14.2 postinstall
> nuxt prepare

|
*  Types generated in .nuxt.

up to date in 4s

$ cd frontend && npx nuxt build
T  Building Nuxt for production...
|
•  Nuxt 4.5.2 (with Nitro 2.13.4, Vite 8.3.0 and Vue 3.5.43)
|
•  Nitro preset: node-server
[info] [36mvite v8.3.0 [32mbuilding client environment for production...[36m[39m
transforming...
✓ 3360 modules transformed.
rendering chunks...
computing gzip size...
[info] node_modules/.cache/nuxt/.nuxt/dist/client/_nuxt/KaTeX_Size3-Regular.CTq5MqoE.woff                      4.42 kB
node_modules/.cache/nuxt/.nuxt/dist/client/_nuxt/KaTeX_Size4-Regular.Dl5lxZxV.woff2                     4.92 kB
node_modules/.cache/nuxt/.nuxt/dist/client/_nuxt/KaTeX_Size2-Regular.Dy4dx90m.woff2                     5.20 kB
node_modules/.cache/nuxt/.nuxt/dist/client/_nuxt/KaTeX_Size1-Regular.mCD8mA8B.woff2                     5.46 kB
node_modules/.cache/nuxt/.nuxt/dist/client/_nuxt/KaTeX_Size4-Regular.BF-4gkZK.woff                      5.98 kB
node_modules/.cache/nuxt/.nuxt/dist/client/_nuxt/KaTeX_Size2-Regular.oD1tc_U0.woff                      6.18 kB
node_modules/.cache/nuxt/.nuxt/dist/client/_nuxt/KaTeX_Size1-Regular.C195tn64.woff                      6.49 kB
node_modules/.cache/nuxt/.nuxt/dist/client/_nuxt/KaTeX_Caligraphic-Regular.Di6jR-x-.woff2               6.90 kB
node_modules/.cache/nuxt/.nuxt/dist/client/_nuxt/KaTeX_Caligraphic-Bold.Dq_IR9rO.woff2                  6.91 kB
node_modules/.cache/nuxt/.nuxt/dist/client/_nuxt/KaTeX_Size3-Regular.DgpXs0kz.ttf                       7.58 kB
node_modules/.cache/nuxt/.nuxt/dist/client/_nuxt/KaTeX_Caligraphic-Regular.CTRA-rTL.woff                7.65 kB
node_modules/.cache/nuxt/.nuxt/dist/client/_nuxt/KaTeX_Caligraphic-Bold.BEiXGLvX.woff                   7.71 kB
node_modules/.cache/nuxt/.nuxt/dist/client/_nuxt/poppins-v24-latin-500.C8OXljZJ.woff2                   7.74 kB
node_modules/.cache/nuxt/.nuxt/dist/client/_nuxt/poppins-v24-latin-700.Qrb0O0WB.woff2                   7.81 kB
node_modules/.cache/nuxt/.nuxt/dist/client/_nuxt/poppins-v24-latin-300.Dku2WoCh.woff2                   7.84 kB
node_modules/.cache/nuxt/.nuxt/dist/client/_nuxt/poppins-v24-latin-regular.cpxAROuN.woff2               7.88 kB
node_modules/.cache/nuxt/.nuxt/dist/client/_nuxt/poppins-v24-latin-600.zEkxB9Mr.woff2                   8.00 kB
node_modules/.cache/nuxt/.nuxt/dist/client/_nuxt/poppins-v24-latin-500italic.o28Otv0U.woff2             8.50 kB
node_modules/.cache/nuxt/.nuxt/dist/client/_nuxt/poppins-v24-latin-700italic.RKf6esGj.woff2             8.59 kB
node_modules/.cache/nuxt/.nuxt/dist/client/_nuxt/poppins-v24-latin-italic.B4GYq972.woff2                8.66 kB
node_modules/.cache/nuxt/.nuxt/dist/client/_nuxt/poppins-v24-latin-600italic.CZ4wqKBi.woff2             8.72 kB
node_modules/.cache/nuxt/.nuxt/dist/client/_nuxt/KaTeX_Script-Regular.D3wIWfF6.woff2                    9.64 kB
node_modules/.cache/nuxt/.nuxt/dist/client/_nuxt/KaTeX_SansSerif-Regular.DDBCnlJ7.woff2                10.34 kB
node_modules/.cache/nuxt/.nuxt/dist/client/_nuxt/KaTeX_Size4-Regular.DWFBv043.ttf                      10.36 kB
node_modules/.cache/nuxt/.nuxt/dist/client/_nuxt/KaTeX_Script-Regular.D5yQViql.woff                    10.58 kB
node_modules/.cache/nuxt/.nuxt/dist/client/_nuxt/KaTeX_Fraktur-Regular.CTYiF6lA.woff2                  11.31 kB
node_modules/.cache/nuxt/.nuxt/dist/client/_nuxt/KaTeX_Fraktur-Bold.CL6g_b3V.woff2                     11.34 kB
node_modules/.cache/nuxt/.nuxt/dist/client/_nuxt/KaTeX_Size2-Regular.B7gKUWhC.ttf                      11.50 kB
node_modules/.cache/nuxt/.nuxt/dist/client/_nuxt/KaTeX_SansSerif-Italic.C3H0VqGB.woff2                 12.02 kB
node_modules/.cache/nuxt/.nuxt/dist/client/_nuxt/KaTeX_SansSerif-Bold.D1sUS0GD.woff2                   12.21 kB
node_modules/.cache/nuxt/.nuxt/dist/client/_nuxt/KaTeX_Size1-Regular.Dbsnue_I.ttf                      12.22 kB
node_modules/.cache/nuxt/.nuxt/dist/client/_nuxt/KaTeX_SansSerif-Regular.CS6fqUqJ.woff                 12.31 kB
node_modules/.cache/nuxt/.nuxt/dist/client/_nuxt/KaTeX_Caligraphic-Regular.wX97UBjC.ttf                12.34 kB
node_modules/.cache/nuxt/.nuxt/dist/client/_nuxt/KaTeX_Caligraphic-Bold.ATXxdsX0.ttf                   12.36 kB
node_modules/.cache/nuxt/.nuxt/dist/client/_nuxt/KaTeX_Fraktur-Regular.Dxdc4cR9.woff                   13.20 kB
node_modules/.cache/nuxt/.nuxt/dist/client/_nuxt/KaTeX_Fraktur-Bold.BsDP51OF.woff                      13.29 kB
node_modules/.cache/nuxt/.nuxt/dist/client/_nuxt/KaTeX_Typewriter-Regular.CO6r4hn1.woff2               13.56 kB
node_modules/.cache/nuxt/.nuxt/dist/client/_nuxt/KaTeX_SansSerif-Italic.DN2j7dab.woff                  14.11 kB
node_modules/.cache/nuxt/.nuxt/dist/client/_nuxt/KaTeX_SansSerif-Bold.DbIhKOiC.woff                    14.40 kB
node_modules/.cache/nuxt/.nuxt/dist/client/_nuxt/KaTeX_Typewriter-Regular.C0xS9mPB.woff                16.02 kB
node_modules/.cache/nuxt/.nuxt/dist/client/_nuxt/KaTeX_Math-BoldItalic.CZnvNsCZ.woff2                  16.40 kB
node_modules/.cache/nuxt/.nuxt/dist/client/_nuxt/KaTeX_Math-Italic.t53AETM-.woff2                      16.44 kB
node_modules/.cache/nuxt/.nuxt/dist/client/_nuxt/KaTeX_Script-Regular.C5JkGWo-.ttf                     16.64 kB
node_modules/.cache/nuxt/.nuxt/dist/client/_nuxt/KaTeX_Main-BoldItalic.DxDJ3AOS.woff2                  16.78 kB
node_modules/.cache/nuxt/.nuxt/dist/client/_nuxt/KaTeX_Main-Italic.NWA7e6Wa.woff2                      16.98 kB
node_modules/.cache/nuxt/.nuxt/dist/client/_nuxt/KaTeX_Math-BoldItalic.iY-2wyZ7.woff                   18.66 kB
node_modules/.cache/nuxt/.nuxt/dist/client/_nuxt/KaTeX_Math-Italic.DA0__PXp.woff                       18.74 kB
node_modules/.cache/nuxt/.nuxt/dist/client/_nuxt/KaTeX_Main-BoldItalic.SpSLRI95.woff                   19.41 kB
node_modules/.cache/nuxt/.nuxt/dist/client/_nuxt/KaTeX_SansSerif-Regular.BNo7hRIc.ttf                  19.43 kB
node_modules/.cache/nuxt/.nuxt/dist/client/_nuxt/KaTeX_Fraktur-Regular.CB_wures.ttf                    19.57 kB
node_modules/.cache/nuxt/.nuxt/dist/client/_nuxt/KaTeX_Fraktur-Bold.BdnERNNW.ttf                       19.58 kB
node_modules/.cache/nuxt/.nuxt/dist/client/_nuxt/KaTeX_Main-Italic.BMLOBm91.woff                       19.67 kB
node_modules/.cache/nuxt/.nuxt/dist/client/_nuxt/jetbrains-mono-v24-latin-regular.V6pRDFza.woff2       21.16 kB
node_modules/.cache/nuxt/.nuxt/dist/client/_nuxt/jetbrains-mono-v24-latin-500.BWZEU5yA.woff2           21.83 kB
node_modules/.cache/nuxt/.nuxt/dist/client/_nuxt/jetbrains-mono-v24-latin-600.C8RAYTDA.woff2           21.86 kB
node_modules/.cache/nuxt/.nuxt/dist/client/_nuxt/jetbrains-mono-v24-latin-italic.B9rkokqX.woff2        22.22 kB
node_modules/.cache/nuxt/.nuxt/dist/client/_nuxt/KaTeX_SansSerif-Italic.YYjJ1zSn.ttf                   22.36 kB
node_modules/.cache/nuxt/.nuxt/dist/client/_nuxt/jetbrains-mono-v24-latin-500italic.BAmfUVTg.woff2     23.02 kB
node_modules/.cache/nuxt/.nuxt/dist/client/_nuxt/jetbrains-mono-v24-latin-600italic.CFgNAVCN.woff2     23.10 kB
node_modules/.cache/nuxt/.nuxt/dist/client/_nuxt/KaTeX_SansSerif-Bold.CFMepnvq.ttf                     24.50 kB
node_modules/.cache/nuxt/.nuxt/dist/client/_nuxt/KaTeX_Main-Bold.Cx986IdX.woff2                        25.32 kB
node_modules/.cache/nuxt/.nuxt/dist/client/_nuxt/KaTeX_Main-Regular.B22Nviop.woff2                     26.27 kB
node_modules/.cache/nuxt/.nuxt/dist/client/_nuxt/KaTeX_Typewriter-Regular.D3Ib7_Hf.ttf                 27.55 kB
node_modules/.cache/nuxt/.nuxt/dist/client/_nuxt/KaTeX_AMS-Regular.BQhdFMY1.woff2                      28.07 kB
node_modules/.cache/nuxt/.nuxt/dist/client/_nuxt/KaTeX_Main-Bold.Jm3AIy58.woff                         29.91 kB
node_modules/.cache/nuxt/.nuxt/dist/client/_nuxt/KaTeX_Main-Regular.Dr94JaBh.woff                      30.77 kB
node_modules/.cache/nuxt/.nuxt/dist/client/_nuxt/KaTeX_Math-BoldItalic.B3XSjfu4.ttf                    31.19 kB
node_modules/.cache/nuxt/.nuxt/dist/client/_nuxt/KaTeX_Math-Italic.flOr_0UB.ttf                        31.30 kB
node_modules/.cache/nuxt/.nuxt/dist/client/_nuxt/KaTeX_Main-BoldItalic.DzxPMmG6.ttf                    32.96 kB
node_modules/.cache/nuxt/.nuxt/dist/client/_nuxt/KaTeX_AMS-Regular.DMm9YOAa.woff                       33.51 kB
node_modules/.cache/nuxt/.nuxt/dist/client/_nuxt/KaTeX_Main-Italic.3WenGoN9.ttf                        33.58 kB
node_modules/.cache/nuxt/.nuxt/dist/client/_nuxt/LMRoman10-Bold.DlTbNGbh.woff2                         40.55 kB
node_modules/.cache/nuxt/.nuxt/dist/client/_nuxt/LMRoman10-Regular.CamIj3cI.woff2                      40.76 kB
node_modules/.cache/nuxt/.nuxt/dist/client/_nuxt/LMRoman10-Italic.ClkuAEC9.woff2                       48.20 kB
node_modules/.cache/nuxt/.nuxt/dist/client/_nuxt/LMRoman10-BoldItalic.BqQq-JnH.woff2                   48.79 kB
node_modules/.cache/nuxt/.nuxt/dist/client/_nuxt/KaTeX_Main-Bold.waoOVXN0.ttf                          51.33 kB
node_modules/.cache/nuxt/.nuxt/dist/client/_nuxt/KaTeX_Main-Regular.ypZvNtVU.ttf                       53.58 kB
node_modules/.cache/nuxt/.nuxt/dist/client/_nuxt/LMRoman10-Bold.BLUNBMDU.woff                          63.17 kB
node_modules/.cache/nuxt/.nuxt/dist/client/_nuxt/KaTeX_AMS-Regular.DRggAlZN.ttf                        63.63 kB
node_modules/.cache/nuxt/.nuxt/dist/client/_nuxt/LMRoman10-Regular.KJk_LNv2.woff                       65.05 kB
node_modules/.cache/nuxt/.nuxt/dist/client/_nuxt/LMRoman10-Italic.Bqigjzpq.woff                        80.69 kB
node_modules/.cache/nuxt/.nuxt/dist/client/_nuxt/LMRoman10-BoldItalic.BomuJV3m.woff                    81.32 kB
node_modules/.cache/nuxt/.nuxt/dist/client/manifest.json                                              111.74 kB │ gzip:  13.13 kB
node_modules/.cache/nuxt/.nuxt/dist/client/_nuxt/LMRoman10-Bold.CLw-ufHw.ttf                          156.49 kB
node_modules/.cache/nuxt/.nuxt/dist/client/_nuxt/LMRoman10-Bold.BC0sdFgR.eot                          156.77 kB
node_modules/.cache/nuxt/.nuxt/dist/client/_nuxt/LMRoman10-Regular.DPVtOt2W.ttf                       167.66 kB
node_modules/.cache/nuxt/.nuxt/dist/client/_nuxt/LMRoman10-Regular.DuifJK42.eot                       167.95 kB
node_modules/.cache/nuxt/.nuxt/dist/client/_nuxt/LMRoman10-Italic.C54eQWaz.ttf                        209.17 kB
node_modules/.cache/nuxt/.nuxt/dist/client/_nuxt/LMRoman10-Italic.B3wEtHfl.eot                        209.45 kB
node_modules/.cache/nuxt/.nuxt/dist/client/_nuxt/LMRoman10-BoldItalic.B-nTStaB.ttf                    211.11 kB
node_modules/.cache/nuxt/.nuxt/dist/client/_nuxt/LMRoman10-BoldItalic.D3B4os32.eot                    211.41 kB
node_modules/.cache/nuxt/.nuxt/dist/client/_nuxt/pdf.worker.DTrjDNvb.mjs                            2,395.53 kB
node_modules/.cache/nuxt/.nuxt/dist/client/_nuxt/ContentCompiled.CijX0rT5.css                           0.04 kB │ gzip:   0.06 kB
node_modules/.cache/nuxt/.nuxt/dist/client/_nuxt/RemoveShared.BsZ4in2o.css                              0.05 kB │ gzip:   0.07 kB
node_modules/.cache/nuxt/.nuxt/dist/client/_nuxt/privacy.BvRbnRQp.css                                   0.06 kB │ gzip:   0.08 kB
node_modules/.cache/nuxt/.nuxt/dist/client/_nuxt/Delete.BF2uxrn2.css                                    0.11 kB │ gzip:   0.09 kB
node_modules/.cache/nuxt/.nuxt/dist/client/_nuxt/NoContent.VvhtUXgW.css                                 0.13 kB │ gzip:   0.12 kB
node_modules/.cache/nuxt/.nuxt/dist/client/_nuxt/documentation.X6nrTx0e.css                             0.15 kB │ gzip:   0.14 kB
node_modules/.cache/nuxt/.nuxt/dist/client/_nuxt/edit.B4MSru8c.css                                      0.15 kB │ gzip:   0.12 kB
node_modules/.cache/nuxt/.nuxt/dist/client/_nuxt/settings.CYKsJsam.css                                  0.15 kB │ gzip:   0.12 kB
node_modules/.cache/nuxt/.nuxt/dist/client/_nuxt/_id_.D50xFSNo.css                                      0.22 kB │ gzip:   0.16 kB
node_modules/.cache/nuxt/.nuxt/dist/client/_nuxt/insights.CeUIg6OL.css                                  0.26 kB │ gzip:   0.21 kB
node_modules/.cache/nuxt/.nuxt/dist/client/_nuxt/LoaderSpinner.CZ-fD5FA.css                             0.27 kB │ gzip:   0.20 kB
node_modules/.cache/nuxt/.nuxt/dist/client/_nuxt/AppRadio.BBFocatY.css                                  0.33 kB │ gzip:   0.21 kB
node_modules/.cache/nuxt/.nuxt/dist/client/_nuxt/_doc_id_.D5uLEdDg.css                                  0.34 kB │ gzip:   0.18 kB
node_modules/.cache/nuxt/.nuxt/dist/client/_nuxt/preview.B4ZKvQqV.css                                   0.37 kB │ gzip:   0.20 kB
node_modules/.cache/nuxt/.nuxt/dist/client/_nuxt/done.8uf_K4xH.css                                      0.43 kB │ gzip:   0.27 kB
node_modules/.cache/nuxt/.nuxt/dist/client/_nuxt/AppCTA.Bxju1l1e.css                                    0.43 kB │ gzip:   0.25 kB
node_modules/.cache/nuxt/.nuxt/dist/client/_nuxt/AppColorPicker.Bgl-vHaN.css                            0.46 kB │ gzip:   0.26 kB
node_modules/.cache/nuxt/.nuxt/dist/client/_nuxt/files.DQIs50W-.css                                     0.47 kB │ gzip:   0.26 kB
node_modules/.cache/nuxt/.nuxt/dist/client/_nuxt/folder.BzMwbmzb.css                                    0.47 kB │ gzip:   0.26 kB
node_modules/.cache/nuxt/.nuxt/dist/client/_nuxt/_id_.C10zMuVh.css                                      0.48 kB │ gzip:   0.20 kB
node_modules/.cache/nuxt/.nuxt/dist/client/_nuxt/Loader.BsU2ECaU.css                                    0.49 kB │ gzip:   0.23 kB
node_modules/.cache/nuxt/.nuxt/dist/client/_nuxt/UserAvatar.MEliJfyO.css                                0.50 kB │ gzip:   0.24 kB
node_modules/.cache/nuxt/.nuxt/dist/client/_nuxt/AppHint.BYDZgkQi.css                                   0.56 kB │ gzip:   0.33 kB
node_modules/.cache/nuxt/.nuxt/dist/client/_nuxt/Stats.DukQ24iE.css                                     0.56 kB │ gzip:   0.30 kB
node_modules/.cache/nuxt/.nuxt/dist/client/_nuxt/TagList.ByOoEnrZ.css                                   0.56 kB │ gzip:   0.31 kB
node_modules/.cache/nuxt/.nuxt/dist/client/_nuxt/callback.qMEA2RYE.css                                  0.59 kB │ gzip:   0.28 kB
node_modules/.cache/nuxt/.nuxt/dist/client/_nuxt/AppToggle.DMsBddwC.css                                 0.65 kB │ gzip:   0.30 kB
node_modules/.cache/nuxt/.nuxt/dist/client/_nuxt/Inline.vQmy5nVB.css                                    0.67 kB │ gzip:   0.33 kB
node_modules/.cache/nuxt/.nuxt/dist/client/_nuxt/AppCheck.BE2awq3Z.css                                  0.69 kB │ gzip:   0.32 kB
node_modules/.cache/nuxt/.nuxt/dist/client/_nuxt/Importer.DDUlbkrT.css                                  0.78 kB │ gzip:   0.36 kB
node_modules/.cache/nuxt/.nuxt/dist/client/_nuxt/public.Bp_GmYYl.css                                    0.81 kB │ gzip:   0.34 kB
node_modules/.cache/nuxt/.nuxt/dist/client/_nuxt/FileInline.JVgY2QLK.css                                0.86 kB │ gzip:   0.37 kB
node_modules/.cache/nuxt/.nuxt/dist/client/_nuxt/diagram.CQWbzxP3.css                                   0.86 kB │ gzip:   0.38 kB
node_modules/.cache/nuxt/.nuxt/dist/client/_nuxt/request-reset.vR4d_ekZ.css                             0.90 kB │ gzip:   0.39 kB
node_modules/.cache/nuxt/.nuxt/dist/client/_nuxt/Join.Bk3Br93U.css                                      0.95 kB │ gzip:   0.40 kB
node_modules/.cache/nuxt/.nuxt/dist/client/_nuxt/import.BM2REkH4.css                                    1.00 kB │ gzip:   0.46 kB
node_modules/.cache/nuxt/.nuxt/dist/client/_nuxt/AppBtnIcon.CbJr-Ogl.css                                1.10 kB │ gzip:   0.43 kB
node_modules/.cache/nuxt/.nuxt/dist/client/_nuxt/Status.NEhnQud-.css                                    1.14 kB │ gzip:   0.41 kB
node_modules/.cache/nuxt/.nuxt/dist/client/_nuxt/categories.BdpXDga8.css                                1.15 kB │ gzip:   0.49 kB
node_modules/.cache/nuxt/.nuxt/dist/client/_nuxt/AppButton.HsiN66tb.css                                 1.16 kB │ gzip:   0.45 kB
node_modules/.cache/nuxt/.nuxt/dist/client/_nuxt/Team.CuMN9QYW.css                                      1.17 kB │ gzip:   0.52 kB
node_modules/.cache/nuxt/.nuxt/dist/client/_nuxt/Navbar._y4MCNED.css                                    1.22 kB │ gzip:   0.47 kB
node_modules/.cache/nuxt/.nuxt/dist/client/_nuxt/share-target.ByETei-g.css                              1.25 kB │ gzip:   0.45 kB
node_modules/.cache/nuxt/.nuxt/dist/client/_nuxt/reset.BoDW8dkb.css                                     1.34 kB │ gzip:   0.52 kB
node_modules/.cache/nuxt/.nuxt/dist/client/_nuxt/MarkdownSyntax.DskCeHk0.css                            1.37 kB │ gzip:   0.52 kB
node_modules/.cache/nuxt/.nuxt/dist/client/_nuxt/qrcode.vue.C5cdobu4.css                                1.44 kB │ gzip:   0.54 kB
node_modules/.cache/nuxt/.nuxt/dist/client/_nuxt/ContextMenu.0GOaQtLm.css                               1.45 kB │ gzip:   0.54 kB
node_modules/.cache/nuxt/.nuxt/dist/client/_nuxt/AppDrop.C-O9LMGu.css                                   1.48 kB │ gzip:   0.55 kB
node_modules/.cache/nuxt/.nuxt/dist/client/_nuxt/teams.kS3heq6D.css                                     1.61 kB │ gzip:   0.65 kB
node_modules/.cache/nuxt/.nuxt/dist/client/_nuxt/_id_.DrD-CAAM.css                                      1.64 kB │ gzip:   0.59 kB
node_modules/.cache/nuxt/.nuxt/dist/client/_nuxt/DrawioEditor.BJEfq7e3.css                              1.70 kB │ gzip:   0.63 kB
node_modules/.cache/nuxt/.nuxt/dist/client/_nuxt/_id_.CEdQtTwF.css                                      1.75 kB │ gzip:   0.69 kB
node_modules/.cache/nuxt/.nuxt/dist/client/_nuxt/manage-members.BdTRgVnL.css                            1.85 kB │ gzip:   0.60 kB
node_modules/.cache/nuxt/.nuxt/dist/client/_nuxt/resources-parent.C9HsX3rH.css                          1.87 kB │ gzip:   0.66 kB
node_modules/.cache/nuxt/.nuxt/dist/client/_nuxt/Permissions.BB4s99wN.css                               1.99 kB │ gzip:   0.62 kB
node_modules/.cache/nuxt/.nuxt/dist/client/_nuxt/signup.FgiYsn6a.css                                    2.15 kB │ gzip:   0.71 kB
node_modules/.cache/nuxt/.nuxt/dist/client/_nuxt/DataTable.DZr9bKRq.css                                 2.19 kB │ gzip:   0.66 kB
node_modules/.cache/nuxt/.nuxt/dist/client/_nuxt/about.VeVvVrcM.css                                     2.35 kB │ gzip:   0.81 kB
node_modules/.cache/nuxt/.nuxt/dist/client/_nuxt/AppTagInput.DnewWcF9.css                               2.44 kB │ gzip:   0.76 kB
node_modules/.cache/nuxt/.nuxt/dist/client/_nuxt/PDFViewer.Dqk_5Rza.css                                 2.72 kB │ gzip:   0.92 kB
node_modules/.cache/nuxt/.nuxt/dist/client/_nuxt/ImportReport.DEDjF3-d.css                              2.97 kB │ gzip:   0.81 kB
node_modules/.cache/nuxt/.nuxt/dist/client/_nuxt/backup.D9ZTVxr9.css                                    3.01 kB │ gzip:   0.87 kB
node_modules/.cache/nuxt/.nuxt/dist/client/_nuxt/Support.DwvPm4Z8.css                                   3.39 kB │ gzip:   1.02 kB
node_modules/.cache/nuxt/.nuxt/dist/client/_nuxt/admin.BVHBVMct.css                                     3.81 kB │ gzip:   1.02 kB
node_modules/.cache/nuxt/.nuxt/dist/client/_nuxt/_id_.BWtouLdB.css                                      3.92 kB │ gzip:   1.11 kB
node_modules/.cache/nuxt/.nuxt/dist/client/_nuxt/AppSelect.CIXiq8NH.css                                 4.54 kB │ gzip:   1.32 kB
node_modules/.cache/nuxt/.nuxt/dist/client/_nuxt/AppFooter.DKCWQEWo.css                                 4.66 kB │ gzip:   1.26 kB
node_modules/.cache/nuxt/.nuxt/dist/client/_nuxt/CDN.CsyRIpq9.css                                       4.77 kB │ gzip:   1.24 kB
node_modules/.cache/nuxt/.nuxt/dist/client/_nuxt/login.BjWZVrq5.css                                     5.49 kB │ gzip:   1.34 kB
node_modules/.cache/nuxt/.nuxt/dist/client/_nuxt/Error.DYpl4Xcw.css                                     6.16 kB │ gzip:   1.74 kB
node_modules/.cache/nuxt/.nuxt/dist/client/_nuxt/home.odn7nrKv.css                                     13.07 kB │ gzip:   2.67 kB
node_modules/.cache/nuxt/.nuxt/dist/client/_nuxt/MarkdownEditor.DzYB3IO6.css                           13.09 kB │ gzip:   2.74 kB
node_modules/.cache/nuxt/.nuxt/dist/client/_nuxt/ContainerView.BmTxi7qO.css                            15.08 kB │ gzip:   3.14 kB
node_modules/.cache/nuxt/.nuxt/dist/client/_nuxt/settings.v9I1N_h3.css                                 16.59 kB │ gzip:   3.37 kB
node_modules/.cache/nuxt/.nuxt/dist/client/_nuxt/dashboard.wES_69nN.css                                20.87 kB │ gzip:   4.79 kB
node_modules/.cache/nuxt/.nuxt/dist/client/_nuxt/(public).frzYjZWm.css                                 25.99 kB │ gzip:   4.73 kB
node_modules/.cache/nuxt/.nuxt/dist/client/_nuxt/entry.v53xH4Wz.css                                    83.57 kB │ gzip:  19.73 kB
node_modules/.cache/nuxt/.nuxt/dist/client/_nuxt/CNs_Ozdc.js                                            0.02 kB │ gzip:   0.04 kB
node_modules/.cache/nuxt/.nuxt/dist/client/_nuxt/CoOc8Jfp.js                                            0.05 kB │ gzip:   0.07 kB
node_modules/.cache/nuxt/.nuxt/dist/client/_nuxt/DmDRWUmE.js                                            0.05 kB │ gzip:   0.07 kB
node_modules/.cache/nuxt/.nuxt/dist/client/_nuxt/CV-OMF5Y.js                                            0.07 kB │ gzip:   0.09 kB
node_modules/.cache/nuxt/.nuxt/dist/client/_nuxt/Bqq7CUWe.js                                            0.07 kB │ gzip:   0.08 kB
node_modules/.cache/nuxt/.nuxt/dist/client/_nuxt/-yOU-LwQ.js                                            0.08 kB │ gzip:   0.09 kB
node_modules/.cache/nuxt/.nuxt/dist/client/_nuxt/DZPK_ecy.js                                            0.08 kB │ gzip:   0.09 kB
node_modules/.cache/nuxt/.nuxt/dist/client/_nuxt/FDI6aCU7.js                                            0.08 kB │ gzip:   0.09 kB
node_modules/.cache/nuxt/.nuxt/dist/client/_nuxt/Ib8RtiBk.js                                            0.09 kB │ gzip:   0.09 kB
node_modules/.cache/nuxt/.nuxt/dist/client/_nuxt/0GWedYj2.js                                            0.09 kB │ gzip:   0.09 kB
node_modules/.cache/nuxt/.nuxt/dist/client/_nuxt/CjPrqJzm.js                                            0.09 kB │ gzip:   0.09 kB
node_modules/.cache/nuxt/.nuxt/dist/client/_nuxt/DxfATPoe.js                                            0.09 kB │ gzip:   0.09 kB
node_modules/.cache/nuxt/.nuxt/dist/client/_nuxt/BZrwrpqN.js                                            0.09 kB │ gzip:   0.09 kB
node_modules/.cache/nuxt/.nuxt/dist/client/_nuxt/C29kY8QU.js                                            0.09 kB │ gzip:   0.09 kB
node_modules/.cache/nuxt/.nuxt/dist/client/_nuxt/CrDkQ_GD.js                                            0.09 kB │ gzip:   0.09 kB
node_modules/.cache/nuxt/.nuxt/dist/client/_nuxt/C5JzvPOa.js                                            0.09 kB │ gzip:   0.10 kB
node_modules/.cache/nuxt/.nuxt/dist/client/_nuxt/BOCtb1cN.js                                            0.09 kB │ gzip:   0.10 kB
node_modules/.cache/nuxt/.nuxt/dist/client/_nuxt/DBAhs4O_.js                                            0.09 kB │ gzip:   0.10 kB
node_modules/.cache/nuxt/.nuxt/dist/client/_nuxt/DmHapfdB.js                                            0.09 kB │ gzip:   0.10 kB
node_modules/.cache/nuxt/.nuxt/dist/client/_nuxt/CSMvJtUU.js                                            0.09 kB │ gzip:   0.10 kB
node_modules/.cache/nuxt/.nuxt/dist/client/_nuxt/DgsrjU9K.js                                            0.09 kB │ gzip:   0.10 kB
node_modules/.cache/nuxt/.nuxt/dist/client/_nuxt/BifhSqXX.js                                            0.10 kB │ gzip:   0.11 kB
node_modules/.cache/nuxt/.nuxt/dist/client/_nuxt/BVLZJyLv.js                                            0.12 kB │ gzip:   0.13 kB
node_modules/.cache/nuxt/.nuxt/dist/client/_nuxt/C-OQMol4.js                                            0.14 kB │ gzip:   0.12 kB
node_modules/.cache/nuxt/.nuxt/dist/client/_nuxt/DsF7k-Jl.js                                            0.15 kB │ gzip:   0.14 kB
node_modules/.cache/nuxt/.nuxt/dist/client/_nuxt/CTgm3pse.js                                            0.17 kB │ gzip:   0.14 kB
node_modules/.cache/nuxt/.nuxt/dist/client/_nuxt/X2V4t9sV.js                                            0.18 kB │ gzip:   0.15 kB
node_modules/.cache/nuxt/.nuxt/dist/client/_nuxt/B2MMy_0a.js                                            0.19 kB │ gzip:   0.16 kB
node_modules/.cache/nuxt/.nuxt/dist/client/_nuxt/DfmV0oZc.js                                            0.20 kB │ gzip:   0.17 kB
node_modules/.cache/nuxt/.nuxt/dist/client/_nuxt/DZ7IcDB-.js                                            0.20 kB │ gzip:   0.17 kB
node_modules/.cache/nuxt/.nuxt/dist/client/_nuxt/KythIMN8.js                                            0.20 kB │ gzip:   0.15 kB
node_modules/.cache/nuxt/.nuxt/dist/client/_nuxt/BuEpaYb5.js                                            0.23 kB │ gzip:   0.18 kB
node_modules/.cache/nuxt/.nuxt/dist/client/_nuxt/7gUJatuK.js                                            0.24 kB │ gzip:   0.21 kB
node_modules/.cache/nuxt/.nuxt/dist/client/_nuxt/Bo4bR3dO.js                                            0.24 kB │ gzip:   0.20 kB
node_modules/.cache/nuxt/.nuxt/dist/client/_nuxt/CFHmTqcY.js                                            0.24 kB │ gzip:   0.20 kB
node_modules/.cache/nuxt/.nuxt/dist/client/_nuxt/CnDxf-dM.js                                            0.25 kB │ gzip:   0.20 kB
node_modules/.cache/nuxt/.nuxt/dist/client/_nuxt/BZyF5PvU.js                                            0.25 kB │ gzip:   0.21 kB
node_modules/.cache/nuxt/.nuxt/dist/client/_nuxt/DRXxI_4P.js                                            0.25 kB │ gzip:   0.20 kB
node_modules/.cache/nuxt/.nuxt/dist/client/_nuxt/fXu0f0vb.js                                            0.26 kB │ gzip:   0.20 kB
node_modules/.cache/nuxt/.nuxt/dist/client/_nuxt/K4tLb7ci.js                                            0.30 kB │ gzip:   0.22 kB
node_modules/.cache/nuxt/.nuxt/dist/client/_nuxt/yD59pvsH.js                                            0.34 kB │ gzip:   0.26 kB
node_modules/.cache/nuxt/.nuxt/dist/client/_nuxt/CHdTS7qa.js                                            0.34 kB │ gzip:   0.25 kB
node_modules/.cache/nuxt/.nuxt/dist/client/_nuxt/eeCn-vUQ.js                                            0.35 kB │ gzip:   0.25 kB
node_modules/.cache/nuxt/.nuxt/dist/client/_nuxt/D_Spz3zm.js                                            0.36 kB │ gzip:   0.20 kB
node_modules/.cache/nuxt/.nuxt/dist/client/_nuxt/BqEcr_oA.js                                            0.37 kB │ gzip:   0.27 kB
node_modules/.cache/nuxt/.nuxt/dist/client/_nuxt/CBZpiOE-.js                                            0.45 kB │ gzip:   0.32 kB
node_modules/.cache/nuxt/.nuxt/dist/client/_nuxt/C6IeMj_L.js                                            0.49 kB │ gzip:   0.33 kB
node_modules/.cache/nuxt/.nuxt/dist/client/_nuxt/C2tAK2kQ.js                                            0.50 kB │ gzip:   0.35 kB
node_modules/.cache/nuxt/.nuxt/dist/client/_nuxt/CwQ7JMYc.js                                            0.50 kB │ gzip:   0.32 kB
node_modules/.cache/nuxt/.nuxt/dist/client/_nuxt/CxkpkQn_.js                                            0.54 kB │ gzip:   0.37 kB
node_modules/.cache/nuxt/.nuxt/dist/client/_nuxt/CsP5xKQW.js                                            0.55 kB │ gzip:   0.32 kB
node_modules/.cache/nuxt/.nuxt/dist/client/_nuxt/DuwL9Vo2.js                                            0.55 kB │ gzip:   0.32 kB
node_modules/.cache/nuxt/.nuxt/dist/client/_nuxt/fNhPCQNA.js                                            0.55 kB │ gzip:   0.32 kB
node_modules/.cache/nuxt/.nuxt/dist/client/_nuxt/J6HkdKeq.js                                            0.56 kB │ gzip:   0.36 kB
node_modules/.cache/nuxt/.nuxt/dist/client/_nuxt/D0VWd06t.js                                            0.58 kB │ gzip:   0.40 kB
node_modules/.cache/nuxt/.nuxt/dist/client/_nuxt/Cz5wMRo-.js                                            0.58 kB │ gzip:   0.37 kB
node_modules/.cache/nuxt/.nuxt/dist/client/_nuxt/C9D38I5r.js                                            0.59 kB │ gzip:   0.33 kB
node_modules/.cache/nuxt/.nuxt/dist/client/_nuxt/DZVpQezy.js                                            0.59 kB │ gzip:   0.32 kB
node_modules/.cache/nuxt/.nuxt/dist/client/_nuxt/B8Ar2ZoY.js                                            0.60 kB │ gzip:   0.40 kB
node_modules/.cache/nuxt/.nuxt/dist/client/_nuxt/BBktgKUJ.js                                            0.60 kB │ gzip:   0.35 kB
node_modules/.cache/nuxt/.nuxt/dist/client/_nuxt/DE2YHptD.js                                            0.61 kB │ gzip:   0.42 kB
node_modules/.cache/nuxt/.nuxt/dist/client/_nuxt/Bvuxg8vU.js                                            0.65 kB │ gzip:   0.40 kB
node_modules/.cache/nuxt/.nuxt/dist/client/_nuxt/In2B5mRu.js                                            0.65 kB │ gzip:   0.40 kB
node_modules/.cache/nuxt/.nuxt/dist/client/_nuxt/Btomz6hj.js                                            0.67 kB │ gzip:   0.38 kB
node_modules/.cache/nuxt/.nuxt/dist/client/_nuxt/BAFqkLfF.js                                            0.70 kB │ gzip:   0.44 kB
node_modules/.cache/nuxt/.nuxt/dist/client/_nuxt/BxEXxDhd.js                                            0.83 kB │ gzip:   0.55 kB
node_modules/.cache/nuxt/.nuxt/dist/client/_nuxt/BQ2mwnSn.js                                            0.83 kB │ gzip:   0.52 kB
node_modules/.cache/nuxt/.nuxt/dist/client/_nuxt/DRaJowIs.js                                            0.85 kB │ gzip:   0.49 kB
node_modules/.cache/nuxt/.nuxt/dist/client/_nuxt/De6fFlQs.js                                            0.85 kB │ gzip:   0.52 kB
node_modules/.cache/nuxt/.nuxt/dist/client/_nuxt/DO_4V7da.js                                            0.88 kB │ gzip:   0.52 kB
node_modules/.cache/nuxt/.nuxt/dist/client/_nuxt/DbB7RUD3.js                                            0.89 kB │ gzip:   0.54 kB
node_modules/.cache/nuxt/.nuxt/dist/client/_nuxt/BT1LBGMh.js                                            0.89 kB │ gzip:   0.45 kB
node_modules/.cache/nuxt/.nuxt/dist/client/_nuxt/cdt4BbAN.js                                            0.91 kB │ gzip:   0.44 kB
node_modules/.cache/nuxt/.nuxt/dist/client/_nuxt/DgIp0P8s.js                                            1.00 kB │ gzip:   0.58 kB
node_modules/.cache/nuxt/.nuxt/dist/client/_nuxt/U3f3mby1.js                                            1.01 kB │ gzip:   0.59 kB
node_modules/.cache/nuxt/.nuxt/dist/client/_nuxt/BQM3zymv.js                                            1.05 kB │ gzip:   0.55 kB
node_modules/.cache/nuxt/.nuxt/dist/client/_nuxt/Dd_uD5pT.js                                            1.10 kB │ gzip:   0.62 kB
node_modules/.cache/nuxt/.nuxt/dist/client/_nuxt/B2J2w5EN.js                                            1.16 kB │ gzip:   0.56 kB
node_modules/.cache/nuxt/.nuxt/dist/client/_nuxt/DjXR2pvR.js                                            1.29 kB │ gzip:   0.72 kB
node_modules/.cache/nuxt/.nuxt/dist/client/_nuxt/BrPkG7hl.js                                            1.33 kB │ gzip:   0.62 kB
node_modules/.cache/nuxt/.nuxt/dist/client/_nuxt/D5yWc8QF.js                                            1.36 kB │ gzip:   0.75 kB
node_modules/.cache/nuxt/.nuxt/dist/client/_nuxt/DZ0xm_Zr.js                                            1.43 kB │ gzip:   0.59 kB
node_modules/.cache/nuxt/.nuxt/dist/client/_nuxt/BmGxeQBS.js                                            1.45 kB │ gzip:   0.60 kB
node_modules/.cache/nuxt/.nuxt/dist/client/_nuxt/C7GWYitF.js                                            1.48 kB │ gzip:   0.73 kB
node_modules/.cache/nuxt/.nuxt/dist/client/_nuxt/CQhYkc3G.js                                            1.56 kB │ gzip:   0.70 kB
node_modules/.cache/nuxt/.nuxt/dist/client/_nuxt/KpR3RnMO.js                                            1.57 kB │ gzip:   0.82 kB
node_modules/.cache/nuxt/.nuxt/dist/client/_nuxt/CW9QSF0-.js                                            1.58 kB │ gzip:   0.81 kB
node_modules/.cache/nuxt/.nuxt/dist/client/_nuxt/C4nyRMjD.js                                            1.68 kB │ gzip:   0.64 kB
node_modules/.cache/nuxt/.nuxt/dist/client/_nuxt/CUuD0YGH.js                                            1.69 kB │ gzip:   0.76 kB
node_modules/.cache/nuxt/.nuxt/dist/client/_nuxt/BCiZRO21.js                                            1.74 kB │ gzip:   0.93 kB
node_modules/.cache/nuxt/.nuxt/dist/client/_nuxt/DUunJ_Jv.js                                            1.74 kB │ gzip:   0.83 kB
node_modules/.cache/nuxt/.nuxt/dist/client/_nuxt/Bly1pXzs.js                                            1.76 kB │ gzip:   0.99 kB
node_modules/.cache/nuxt/.nuxt/dist/client/_nuxt/BZ3YndcM.js                                            1.77 kB │ gzip:   0.76 kB
node_modules/.cache/nuxt/.nuxt/dist/client/_nuxt/BRd4a1p5.js                                            1.84 kB │ gzip:   0.67 kB
node_modules/.cache/nuxt/.nuxt/dist/client/_nuxt/CXo8oCMb.js                                            1.85 kB │ gzip:   0.95 kB
node_modules/.cache/nuxt/.nuxt/dist/client/_nuxt/CMwxW85I.js                                            1.85 kB │ gzip:   0.91 kB
node_modules/.cache/nuxt/.nuxt/dist/client/_nuxt/DQXSHTlE.js                                            1.91 kB │ gzip:   0.87 kB
node_modules/.cache/nuxt/.nuxt/dist/client/_nuxt/Cs9pqrFi.js                                            1.91 kB │ gzip:   0.92 kB
node_modules/.cache/nuxt/.nuxt/dist/client/_nuxt/eB57xuqz.js                                            1.93 kB │ gzip:   0.85 kB
node_modules/.cache/nuxt/.nuxt/dist/client/_nuxt/DTE-fofS.js                                            1.96 kB │ gzip:   0.82 kB
node_modules/.cache/nuxt/.nuxt/dist/client/_nuxt/CK4333ev.js                                            1.99 kB │ gzip:   0.69 kB
node_modules/.cache/nuxt/.nuxt/dist/client/_nuxt/Cy-SvUVa.js                                            2.06 kB │ gzip:   1.08 kB
node_modules/.cache/nuxt/.nuxt/dist/client/_nuxt/B54VNd7F.js                                            2.15 kB │ gzip:   1.07 kB
node_modules/.cache/nuxt/.nuxt/dist/client/_nuxt/BvCNBNyX.js                                            2.15 kB │ gzip:   0.96 kB
node_modules/.cache/nuxt/.nuxt/dist/client/_nuxt/BHDbfQj7.js                                            2.24 kB │ gzip:   1.30 kB
node_modules/.cache/nuxt/.nuxt/dist/client/_nuxt/fybaL0A-.js                                            2.27 kB │ gzip:   0.98 kB
node_modules/.cache/nuxt/.nuxt/dist/client/_nuxt/gxHCZMLD.js                                            2.42 kB │ gzip:   1.31 kB
node_modules/.cache/nuxt/.nuxt/dist/client/_nuxt/72fFjU8r.js                                            2.43 kB │ gzip:   1.41 kB
node_modules/.cache/nuxt/.nuxt/dist/client/_nuxt/BZ5-fQE6.js                                            2.46 kB │ gzip:   1.41 kB
node_modules/.cache/nuxt/.nuxt/dist/client/_nuxt/BckndaWA.js                                            2.62 kB │ gzip:   1.14 kB
node_modules/.cache/nuxt/.nuxt/dist/client/_nuxt/BW0F8ivo.js                                            2.64 kB │ gzip:   1.17 kB
node_modules/.cache/nuxt/.nuxt/dist/client/_nuxt/afHEGKvQ.js                                            2.64 kB │ gzip:   1.28 kB
node_modules/.cache/nuxt/.nuxt/dist/client/_nuxt/kpFeBVRt.js                                            2.72 kB │ gzip:   1.24 kB
node_modules/.cache/nuxt/.nuxt/dist/client/_nuxt/BKwe_5ti.js                                            2.78 kB │ gzip:   1.37 kB
node_modules/.cache/nuxt/.nuxt/dist/client/_nuxt/_E9AqRaT.js                                            3.05 kB │ gzip:   1.42 kB
node_modules/.cache/nuxt/.nuxt/dist/client/_nuxt/BmGS4vSo.js                                            3.06 kB │ gzip:   1.29 kB
node_modules/.cache/nuxt/.nuxt/dist/client/_nuxt/4Pa0djIF.js                                            3.18 kB │ gzip:   1.09 kB
node_modules/.cache/nuxt/.nuxt/dist/client/_nuxt/DYd4fJd-.js                                            3.20 kB │ gzip:   1.07 kB
node_modules/.cache/nuxt/.nuxt/dist/client/_nuxt/DhpKD8t0.js                                            3.21 kB │ gzip:   1.39 kB
node_modules/.cache/nuxt/.nuxt/dist/client/_nuxt/Deb5JjJI.js                                            3.35 kB │ gzip:   1.46 kB
node_modules/.cache/nuxt/.nuxt/dist/client/_nuxt/sqX9gO-g.js                                            3.37 kB │ gzip:   1.36 kB
node_modules/.cache/nuxt/.nuxt/dist/client/_nuxt/C2ZAiobD.js                                            3.41 kB │ gzip:   1.52 kB
node_modules/.cache/nuxt/.nuxt/dist/client/_nuxt/Dd_C_8sx.js                                            3.42 kB │ gzip:   1.49 kB
node_modules/.cache/nuxt/.nuxt/dist/client/_nuxt/D15BPYoP.js                                            3.46 kB │ gzip:   1.45 kB
node_modules/.cache/nuxt/.nuxt/dist/client/_nuxt/DpAeSXh-.js                                            3.51 kB │ gzip:   1.67 kB
node_modules/.cache/nuxt/.nuxt/dist/client/_nuxt/DZwqawIu.js                                            3.52 kB │ gzip:   1.44 kB
node_modules/.cache/nuxt/.nuxt/dist/client/_nuxt/DDdzyrwn.js                                            3.64 kB │ gzip:   1.41 kB
node_modules/.cache/nuxt/.nuxt/dist/client/_nuxt/B9FwdVJj.js                                            3.70 kB │ gzip:   1.74 kB
node_modules/.cache/nuxt/.nuxt/dist/client/_nuxt/DZ0gpOKk.js                                            3.78 kB │ gzip:   2.02 kB
node_modules/.cache/nuxt/.nuxt/dist/client/_nuxt/BMuONKOa.js                                            4.01 kB │ gzip:   1.20 kB
node_modules/.cache/nuxt/.nuxt/dist/client/_nuxt/CfF4a06X.js                                            4.01 kB │ gzip:   1.54 kB
node_modules/.cache/nuxt/.nuxt/dist/client/_nuxt/D1G_mHUE.js                                            4.08 kB │ gzip:   1.71 kB
node_modules/.cache/nuxt/.nuxt/dist/client/_nuxt/CFXzfXb4.js                                            4.18 kB │ gzip:   1.78 kB
node_modules/.cache/nuxt/.nuxt/dist/client/_nuxt/B47-lL3E.js                                            4.32 kB │ gzip:   1.75 kB
node_modules/.cache/nuxt/.nuxt/dist/client/_nuxt/BIrIzJ92.js                                            4.35 kB │ gzip:   1.97 kB
node_modules/.cache/nuxt/.nuxt/dist/client/_nuxt/BdOMPX2r.js                                            4.40 kB │ gzip:   1.55 kB
node_modules/.cache/nuxt/.nuxt/dist/client/_nuxt/DfVa5v7T.js                                            4.61 kB │ gzip:   1.98 kB
node_modules/.cache/nuxt/.nuxt/dist/client/_nuxt/BFoDCU3G.js                                            4.63 kB │ gzip:   2.12 kB
node_modules/.cache/nuxt/.nuxt/dist/client/_nuxt/CzvW5JAQ.js                                            4.78 kB │ gzip:   2.01 kB
node_modules/.cache/nuxt/.nuxt/dist/client/_nuxt/qaq3xPKQ.js                                            5.06 kB │ gzip:   1.94 kB
node_modules/.cache/nuxt/.nuxt/dist/client/_nuxt/owdPgxlc.js                                            5.49 kB │ gzip:   2.24 kB
node_modules/.cache/nuxt/.nuxt/dist/client/_nuxt/Bd17z0YL.js                                            5.65 kB │ gzip:   2.20 kB
node_modules/.cache/nuxt/.nuxt/dist/client/_nuxt/CMbbsDVl.js                                            5.79 kB │ gzip:   2.65 kB
node_modules/.cache/nuxt/.nuxt/dist/client/_nuxt/sllLKWnc.js                                            5.88 kB │ gzip:   2.51 kB
node_modules/.cache/nuxt/.nuxt/dist/client/_nuxt/BvvWeyHJ.js                                            5.97 kB │ gzip:   2.50 kB
node_modules/.cache/nuxt/.nuxt/dist/client/_nuxt/BXm1SI5T.js                                            6.05 kB │ gzip:   2.07 kB
node_modules/.cache/nuxt/.nuxt/dist/client/_nuxt/D4OWLvm6.js                                            6.09 kB │ gzip:   2.09 kB
node_modules/.cache/nuxt/.nuxt/dist/client/_nuxt/UHmMjVrE.js                                            6.10 kB │ gzip:   2.50 kB
node_modules/.cache/nuxt/.nuxt/dist/client/_nuxt/N7yA1dq3.js                                            6.58 kB │ gzip:   2.62 kB
node_modules/.cache/nuxt/.nuxt/dist/client/_nuxt/CyqIfsRk.js                                            6.73 kB │ gzip:   2.53 kB
node_modules/.cache/nuxt/.nuxt/dist/client/_nuxt/B1HqM4iZ.js                                            6.83 kB │ gzip:   2.72 kB
node_modules/.cache/nuxt/.nuxt/dist/client/_nuxt/CUAc4d_L.js                                            6.97 kB │ gzip:   2.69 kB
node_modules/.cache/nuxt/.nuxt/dist/client/_nuxt/6mhulN7h.js                                            6.99 kB │ gzip:   2.88 kB
node_modules/.cache/nuxt/.nuxt/dist/client/_nuxt/ChKKOLim.js                                            7.12 kB │ gzip:   2.75 kB
node_modules/.cache/nuxt/.nuxt/dist/client/_nuxt/oekz83aS.js                                            7.14 kB │ gzip:   2.75 kB
node_modules/.cache/nuxt/.nuxt/dist/client/_nuxt/CTKh-hoS.js                                            7.26 kB │ gzip:   2.64 kB
node_modules/.cache/nuxt/.nuxt/dist/client/_nuxt/eWgS5cTM.js                                            7.86 kB │ gzip:   3.02 kB
node_modules/.cache/nuxt/.nuxt/dist/client/_nuxt/GyqlHKVa.js                                            8.07 kB │ gzip:   3.57 kB
node_modules/.cache/nuxt/.nuxt/dist/client/_nuxt/qkOjuund.js                                            9.58 kB │ gzip:   2.86 kB
node_modules/.cache/nuxt/.nuxt/dist/client/_nuxt/ReBwhKWV.js                                            9.84 kB │ gzip:   3.44 kB
node_modules/.cache/nuxt/.nuxt/dist/client/_nuxt/CcxJxX4x.js                                           10.08 kB │ gzip:   3.87 kB
node_modules/.cache/nuxt/.nuxt/dist/client/_nuxt/CBXARIx6.js                                           10.39 kB │ gzip:   3.57 kB
node_modules/.cache/nuxt/.nuxt/dist/client/_nuxt/CyvtIg47.js                                           10.44 kB │ gzip:   3.74 kB
node_modules/.cache/nuxt/.nuxt/dist/client/_nuxt/DGxehMwU.js                                           10.55 kB │ gzip:   4.04 kB
node_modules/.cache/nuxt/.nuxt/dist/client/_nuxt/DJEtp6la.js                                           10.79 kB │ gzip:   4.01 kB
node_modules/.cache/nuxt/.nuxt/dist/client/_nuxt/DKcqElXm.js                                           10.86 kB │ gzip:   3.80 kB
node_modules/.cache/nuxt/.nuxt/dist/client/_nuxt/DRr1Xy8x.js                                           12.04 kB │ gzip:   4.24 kB
node_modules/.cache/nuxt/.nuxt/dist/client/_nuxt/3tWo00mZ.js                                           14.05 kB │ gzip:   5.39 kB
node_modules/.cache/nuxt/.nuxt/dist/client/_nuxt/Bvay-t7Q.js                                           14.46 kB │ gzip:   3.69 kB
node_modules/.cache/nuxt/.nuxt/dist/client/_nuxt/DswKvIh-.js                                           15.59 kB │ gzip:   4.31 kB
node_modules/.cache/nuxt/.nuxt/dist/client/_nuxt/DpeQUVt9.js                                           15.60 kB │ gzip:   5.42 kB
node_modules/.cache/nuxt/.nuxt/dist/client/_nuxt/DmrgOE7O.js                                           16.15 kB │ gzip:   3.70 kB
node_modules/.cache/nuxt/.nuxt/dist/client/_nuxt/Cy6GHsi8.js                                           16.45 kB │ gzip:   6.45 kB
node_modules/.cache/nuxt/.nuxt/dist/client/_nuxt/DMr_xFEz.js                                           16.47 kB │ gzip:   6.88 kB
node_modules/.cache/nuxt/.nuxt/dist/client/_nuxt/BwEvId09.js                                           17.23 kB │ gzip:   6.47 kB
node_modules/.cache/nuxt/.nuxt/dist/client/_nuxt/BttcIEBF.js                                           18.93 kB │ gzip:   5.14 kB
node_modules/.cache/nuxt/.nuxt/dist/client/_nuxt/Dmr7uNjv.js                                           20.09 kB │ gzip:   7.03 kB
node_modules/.cache/nuxt/.nuxt/dist/client/_nuxt/BZ6zUYD6.js                                           22.75 kB │ gzip:   8.22 kB
node_modules/.cache/nuxt/.nuxt/dist/client/_nuxt/EdOH-pXh.js                                           23.09 kB │ gzip:   8.10 kB
node_modules/.cache/nuxt/.nuxt/dist/client/_nuxt/CKI25eiR.js                                           23.24 kB │ gzip:   7.87 kB
node_modules/.cache/nuxt/.nuxt/dist/client/_nuxt/DS17s2tU.js                                           23.90 kB │ gzip:   8.31 kB
node_modules/.cache/nuxt/.nuxt/dist/client/_nuxt/CnjYnkpO.js                                           25.11 kB │ gzip:   6.48 kB
node_modules/.cache/nuxt/.nuxt/dist/client/_nuxt/L0lZ7WkN.js                                           26.03 kB │ gzip:   7.44 kB
node_modules/.cache/nuxt/.nuxt/dist/client/_nuxt/B-xdPlgo.js                                           26.82 kB │ gzip:  10.34 kB
node_modules/.cache/nuxt/.nuxt/dist/client/_nuxt/Dy-Kn_BL.js                                           27.10 kB │ gzip:   8.85 kB
node_modules/.cache/nuxt/.nuxt/dist/client/_nuxt/C8znI3bV.js                                           28.31 kB │ gzip:   8.99 kB
node_modules/.cache/nuxt/.nuxt/dist/client/_nuxt/BrdyS9Jb.js                                           28.90 kB │ gzip:   8.47 kB
node_modules/.cache/nuxt/.nuxt/dist/client/_nuxt/CyhV22bg.js                                           30.30 kB │ gzip:   9.91 kB
node_modules/.cache/nuxt/.nuxt/dist/client/_nuxt/BDvNu3e4.js                                           30.48 kB │ gzip:  10.43 kB
node_modules/.cache/nuxt/.nuxt/dist/client/_nuxt/DBl6EZM-.js                                           30.72 kB │ gzip:   8.47 kB
node_modules/.cache/nuxt/.nuxt/dist/client/_nuxt/BiiQzCCg.js                                           30.80 kB │ gzip:   9.64 kB
node_modules/.cache/nuxt/.nuxt/dist/client/_nuxt/TrseBgNk.js                                           33.47 kB │ gzip:   9.70 kB
node_modules/.cache/nuxt/.nuxt/dist/client/_nuxt/oEHUr57c.js                                           36.34 kB │ gzip:   7.86 kB
node_modules/.cache/nuxt/.nuxt/dist/client/_nuxt/RdcyLHsx.js                                           36.84 kB │ gzip:  13.22 kB
node_modules/.cache/nuxt/.nuxt/dist/client/_nuxt/n82IuVZI.js                                           37.53 kB │ gzip:  12.19 kB
node_modules/.cache/nuxt/.nuxt/dist/client/_nuxt/DNsrFL2H.js                                           41.08 kB │ gzip:  15.05 kB
node_modules/.cache/nuxt/.nuxt/dist/client/_nuxt/Kx4-4lPm.js                                           41.27 kB │ gzip:  13.23 kB
node_modules/.cache/nuxt/.nuxt/dist/client/_nuxt/CDBzRsJO.js                                           41.28 kB │ gzip:  13.28 kB
node_modules/.cache/nuxt/.nuxt/dist/client/_nuxt/0qri-Lbp.js                                           44.03 kB │ gzip:  12.13 kB
node_modules/.cache/nuxt/.nuxt/dist/client/_nuxt/CjZdfOH2.js                                           45.64 kB │ gzip:  15.97 kB
node_modules/.cache/nuxt/.nuxt/dist/client/_nuxt/DON2jgeF.js                                           48.65 kB │ gzip:  15.65 kB
node_modules/.cache/nuxt/.nuxt/dist/client/_nuxt/BfqKHlaI.js                                           51.76 kB │ gzip:  16.61 kB
node_modules/.cache/nuxt/.nuxt/dist/client/_nuxt/R8RU1UX2.js                                           59.97 kB │ gzip:  19.33 kB
node_modules/.cache/nuxt/.nuxt/dist/client/_nuxt/CkMJWh3c.js                                           61.05 kB │ gzip:  19.72 kB
node_modules/.cache/nuxt/.nuxt/dist/client/_nuxt/3wafLB92.js                                           64.61 kB │ gzip:  18.44 kB
node_modules/.cache/nuxt/.nuxt/dist/client/_nuxt/7hur93Aw.js                                           65.65 kB │ gzip:  17.08 kB
node_modules/.cache/nuxt/.nuxt/dist/client/_nuxt/CTZdRUWY.js                                           69.26 kB │ gzip:  22.67 kB
node_modules/.cache/nuxt/.nuxt/dist/client/_nuxt/Cbw969j6.js                                           80.17 kB │ gzip:  31.09 kB
node_modules/.cache/nuxt/.nuxt/dist/client/_nuxt/D6ruyjxf.js                                           81.20 kB │ gzip:  21.50 kB
node_modules/.cache/nuxt/.nuxt/dist/client/_nuxt/Bajk0UfU.js                                           93.40 kB │ gzip:  31.39 kB
node_modules/.cache/nuxt/.nuxt/dist/client/_nuxt/COmxN0-r.js                                          104.75 kB │ gzip:  25.54 kB
node_modules/.cache/nuxt/.nuxt/dist/client/_nuxt/BPlONNzv.js                                          110.95 kB │ gzip:  37.88 kB
node_modules/.cache/nuxt/.nuxt/dist/client/_nuxt/OI0VFjBB.js                                          115.64 kB │ gzip:  30.51 kB
node_modules/.cache/nuxt/.nuxt/dist/client/_nuxt/D0HV8tcZ.js                                          141.21 kB │ gzip:  61.67 kB
node_modules/.cache/nuxt/.nuxt/dist/client/_nuxt/C_woDfPM.js                                          148.74 kB │ gzip:  41.01 kB
node_modules/.cache/nuxt/.nuxt/dist/client/_nuxt/B7z7we1T.js                                          235.58 kB │ gzip:  38.22 kB
node_modules/.cache/nuxt/.nuxt/dist/client/_nuxt/ZlcWpGUi.js                                          258.68 kB │ gzip:  77.43 kB
node_modules/.cache/nuxt/.nuxt/dist/client/_nuxt/ezPS3uCW.js                                          331.82 kB │ gzip:  88.93 kB
node_modules/.cache/nuxt/.nuxt/dist/client/_nuxt/Yq6u8L66.js                                          434.85 kB │ gzip: 137.78 kB
node_modules/.cache/nuxt/.nuxt/dist/client/_nuxt/qfOtleBo.js                                          490.27 kB │ gzip: 149.37 kB
node_modules/.cache/nuxt/.nuxt/dist/client/_nuxt/BMTKgz9h.js                                          642.57 kB │ gzip: 216.45 kB
node_modules/.cache/nuxt/.nuxt/dist/client/_nuxt/DzxwRta7.js                                          662.10 kB │ gzip: 143.16 kB
node_modules/.cache/nuxt/.nuxt/dist/client/_nuxt/CmAtuOY4.js                                        1,344.87 kB │ gzip: 450.87 kB

[info] [32m✓ built in 16.67s[39m
[info] [36mvite v8.3.0 [32mbuilding ssr environment for production...[36m[39m
transforming...
✓ 1050 modules transformed.
rendering chunks...
[info] node_modules/.cache/nuxt/.nuxt/dist/server/_nuxt/CDN-styles.xjS5ML19.mjs                               0.08 kB
node_modules/.cache/nuxt/.nuxt/dist/server/_nuxt/TOC-styles.Il_LH3-s.mjs                               0.08 kB
node_modules/.cache/nuxt/.nuxt/dist/server/_nuxt/Card-styles.DUseOCf3.mjs                              0.08 kB
node_modules/.cache/nuxt/.nuxt/dist/server/_nuxt/Join-styles.kKt4exT_.mjs                              0.08 kB
node_modules/.cache/nuxt/.nuxt/dist/server/_nuxt/Recent-styles.Dco5Q_QL.mjs                            0.08 kB
node_modules/.cache/nuxt/.nuxt/dist/server/_nuxt/Team-styles.BwzJii7F.mjs                              0.08 kB
node_modules/.cache/nuxt/.nuxt/dist/server/_nuxt/Welcome-styles.C_nE27Y3.mjs                           0.08 kB
node_modules/.cache/nuxt/.nuxt/dist/server/_nuxt/Workspace-styles.j4JemTGF.mjs                         0.08 kB
node_modules/.cache/nuxt/.nuxt/dist/server/_nuxt/done-styles.hK727wgn.mjs                              0.08 kB
node_modules/.cache/nuxt/.nuxt/dist/server/_nuxt/App-styles.CedB-iY1.mjs                               0.08 kB
node_modules/.cache/nuxt/.nuxt/dist/server/_nuxt/BentoFeatures-styles.Cc-ATZDL.mjs                     0.08 kB
node_modules/.cache/nuxt/.nuxt/dist/server/_nuxt/Board-styles.C5n6RlKf.mjs                             0.08 kB
node_modules/.cache/nuxt/.nuxt/dist/server/_nuxt/ContextMenuManager-styles.C28KeMEn.mjs                0.08 kB
node_modules/.cache/nuxt/.nuxt/dist/server/_nuxt/ContributorsMarquee-styles.DgJV_p2P.mjs               0.08 kB
node_modules/.cache/nuxt/.nuxt/dist/server/_nuxt/Error-styles.BGgedLpb.mjs                             0.08 kB
node_modules/.cache/nuxt/.nuxt/dist/server/_nuxt/FeaturesFAQ-styles.upZt1xhk.mjs                       0.08 kB
node_modules/.cache/nuxt/.nuxt/dist/server/_nuxt/FeaturesShowcase-styles.COwm9Bkl.mjs                  0.08 kB
node_modules/.cache/nuxt/.nuxt/dist/server/_nuxt/Icon-styles.Bc3eLCDQ.mjs                              0.08 kB
node_modules/.cache/nuxt/.nuxt/dist/server/_nuxt/Level-styles.Cc8q8nLw.mjs                             0.08 kB
node_modules/.cache/nuxt/.nuxt/dist/server/_nuxt/ModalManager-styles.C64PmJMw.mjs                      0.08 kB
node_modules/.cache/nuxt/.nuxt/dist/server/_nuxt/Notification-styles.QggnRIdo.mjs                      0.08 kB
node_modules/.cache/nuxt/.nuxt/dist/server/_nuxt/OpenSourceStats-styles.C2Yw86WN.mjs                   0.08 kB
node_modules/.cache/nuxt/.nuxt/dist/server/_nuxt/SelfHostSteps-styles.BNuTL2OQ.mjs                     0.08 kB
node_modules/.cache/nuxt/.nuxt/dist/server/_nuxt/SplashScreen-styles.CsQ7rpIK.mjs                      0.08 kB
node_modules/.cache/nuxt/.nuxt/dist/server/_nuxt/Stats-styles.0v52oFWV.mjs                             0.08 kB
node_modules/.cache/nuxt/.nuxt/dist/server/_nuxt/about-styles.mUer9VjX.mjs                             0.08 kB
node_modules/.cache/nuxt/.nuxt/dist/server/_nuxt/error-styles.C1Rh7fVk.mjs                             0.08 kB
node_modules/.cache/nuxt/.nuxt/dist/server/_nuxt/files-styles.EUzARpGZ.mjs                             0.08 kB
node_modules/.cache/nuxt/.nuxt/dist/server/_nuxt/reset-styles.BfBjnPMF.mjs                             0.08 kB
node_modules/.cache/nuxt/.nuxt/dist/server/_nuxt/AppCTA-styles.C0jwIaOU.mjs                            0.08 kB
node_modules/.cache/nuxt/.nuxt/dist/server/_nuxt/AppHeader-styles.vFILA_ER.mjs                         0.08 kB
node_modules/.cache/nuxt/.nuxt/dist/server/_nuxt/Column-styles.DgGvXsMQ.mjs                            0.08 kB
node_modules/.cache/nuxt/.nuxt/dist/server/_nuxt/Delete-styles.CFXvPDXi.mjs                            0.08 kB
node_modules/.cache/nuxt/.nuxt/dist/server/_nuxt/Filter-styles.Dfe-fPRh.mjs                            0.08 kB
node_modules/.cache/nuxt/.nuxt/dist/server/_nuxt/Footer-styles.BruMNioO.mjs                            0.08 kB
node_modules/.cache/nuxt/.nuxt/dist/server/_nuxt/Header-styles.DblQxd5L.mjs                            0.08 kB
node_modules/.cache/nuxt/.nuxt/dist/server/_nuxt/ImportActions-styles.DAdGVYfB.mjs                     0.08 kB
node_modules/.cache/nuxt/.nuxt/dist/server/_nuxt/ImportHeader-styles.BWESTWSG.mjs                      0.08 kB
node_modules/.cache/nuxt/.nuxt/dist/server/_nuxt/ImportSummary-styles.BhX6Jug9.mjs                     0.08 kB
node_modules/.cache/nuxt/.nuxt/dist/server/_nuxt/ImportTabs-styles.DNowxfg7.mjs                        0.08 kB
node_modules/.cache/nuxt/.nuxt/dist/server/_nuxt/Inline-styles.BSjgFd_6.mjs                            0.08 kB
node_modules/.cache/nuxt/.nuxt/dist/server/_nuxt/Loader-styles.DIadKP9f.mjs                            0.08 kB
node_modules/.cache/nuxt/.nuxt/dist/server/_nuxt/Navbar-styles.BLKT93Ko.mjs                            0.08 kB
node_modules/.cache/nuxt/.nuxt/dist/server/_nuxt/Status-styles.TXlwqYOs.mjs                            0.08 kB
node_modules/.cache/nuxt/.nuxt/dist/server/_nuxt/edit-styles.2fge7dzf.mjs                              0.08 kB
node_modules/.cache/nuxt/.nuxt/dist/server/_nuxt/folder-styles.Cf2HUHqG.mjs                            0.08 kB
node_modules/.cache/nuxt/.nuxt/dist/server/_nuxt/signup-styles.BeBJhk6G.mjs                            0.08 kB
node_modules/.cache/nuxt/.nuxt/dist/server/_nuxt/AppDrop-styles.Bom2GX9i.mjs                           0.08 kB
node_modules/.cache/nuxt/.nuxt/dist/server/_nuxt/AppHint-styles.DrQ5OQCA.mjs                           0.08 kB
node_modules/.cache/nuxt/.nuxt/dist/server/_nuxt/Item-styles.F3GLcESL.mjs                              0.08 kB
node_modules/.cache/nuxt/.nuxt/dist/server/_nuxt/Login2FA-styles.CYRkI9_m.mjs                          0.08 kB
node_modules/.cache/nuxt/.nuxt/dist/server/_nuxt/Login2FAEnable-styles.SPQDHpbw.mjs                    0.08 kB
node_modules/.cache/nuxt/.nuxt/dist/server/_nuxt/LoginBase-styles.DdvvpEkM.mjs                         0.08 kB
node_modules/.cache/nuxt/.nuxt/dist/server/_nuxt/NodeTree-styles.D-07c5T3.mjs                          0.08 kB
node_modules/.cache/nuxt/.nuxt/dist/server/_nuxt/OIDCProviders-styles.8fUgygft.mjs                     0.08 kB
node_modules/.cache/nuxt/.nuxt/dist/server/_nuxt/Preview-styles.D21PxET1.mjs                           0.08 kB
node_modules/.cache/nuxt/.nuxt/dist/server/_nuxt/Support-styles.BLLeu8EJ.mjs                           0.08 kB
node_modules/.cache/nuxt/.nuxt/dist/server/_nuxt/TagList-styles.D-hJdDHx.mjs                           0.08 kB
node_modules/.cache/nuxt/.nuxt/dist/server/_nuxt/backups-styles.DNml4rxJ.mjs                           0.08 kB
node_modules/.cache/nuxt/.nuxt/dist/server/_nuxt/diagram-styles.DckHwwKn.mjs                           0.08 kB
node_modules/.cache/nuxt/.nuxt/dist/server/_nuxt/index-styles-2.7eibMYwH.mjs                           0.08 kB
node_modules/.cache/nuxt/.nuxt/dist/server/_nuxt/index-styles-4.DEijPO8W.mjs                           0.08 kB
node_modules/.cache/nuxt/.nuxt/dist/server/_nuxt/index-styles-6.DBcc9XxA.mjs                           0.08 kB
node_modules/.cache/nuxt/.nuxt/dist/server/_nuxt/preview-styles.DncS0avf.mjs                           0.08 kB
node_modules/.cache/nuxt/.nuxt/dist/server/_nuxt/privacy-styles.DPi3mu6x.mjs                           0.08 kB
node_modules/.cache/nuxt/.nuxt/dist/server/_nuxt/profile-styles.CFrrED36.mjs                           0.08 kB
node_modules/.cache/nuxt/.nuxt/dist/server/_nuxt/teams-styles.BrJBofmI.mjs                             0.08 kB
node_modules/.cache/nuxt/.nuxt/dist/server/_nuxt/AppCheck-styles.E1nJllqP.mjs                          0.08 kB
node_modules/.cache/nuxt/.nuxt/dist/server/_nuxt/AppRadio-styles.Dv5FRDVQ.mjs                          0.08 kB
node_modules/.cache/nuxt/.nuxt/dist/server/_nuxt/Inline-styles-2.DFyRByiP.mjs                          0.08 kB
node_modules/.cache/nuxt/.nuxt/dist/server/_nuxt/Metadata-styles.D-la_LUG.mjs                          0.08 kB
node_modules/.cache/nuxt/.nuxt/dist/server/_nuxt/NodeCard-styles.DKcUmknx.mjs                          0.08 kB
node_modules/.cache/nuxt/.nuxt/dist/server/_nuxt/Skeleton-styles.D1Bn8lCJ.mjs                          0.08 kB
node_modules/.cache/nuxt/.nuxt/dist/server/_nuxt/UserCreation-styles.B-2UjV5u.mjs                      0.08 kB
node_modules/.cache/nuxt/.nuxt/dist/server/_nuxt/WorkspaceTree-styles.B-pvJ0qY.mjs                     0.08 kB
node_modules/.cache/nuxt/.nuxt/dist/server/_nuxt/_doc_id_-styles.hH51fr7v.mjs                          0.08 kB
node_modules/.cache/nuxt/.nuxt/dist/server/_nuxt/advanced-styles.DGcqwDDq.mjs                          0.08 kB
node_modules/.cache/nuxt/.nuxt/dist/server/_nuxt/callback-styles.DxifOgi5.mjs                          0.08 kB
node_modules/.cache/nuxt/.nuxt/dist/server/_nuxt/index-styles-11.DIRkOmqW.mjs                          0.08 kB
node_modules/.cache/nuxt/.nuxt/dist/server/_nuxt/index-styles-7.BAg-_fK1.mjs                           0.08 kB
node_modules/.cache/nuxt/.nuxt/dist/server/_nuxt/index-styles-8.6Btex1MA.mjs                           0.08 kB
node_modules/.cache/nuxt/.nuxt/dist/server/_nuxt/insights-styles.Cbru7i2F.mjs                          0.08 kB
node_modules/.cache/nuxt/.nuxt/dist/server/_nuxt/settings-styles.BKz-wmXs.mjs                          0.08 kB
node_modules/.cache/nuxt/.nuxt/dist/server/_nuxt/snippets-styles.GOjvuQJI.mjs                          0.08 kB
node_modules/.cache/nuxt/.nuxt/dist/server/_nuxt/AdvancedSearchTab-styles.Dp2SiW3T.mjs                 0.08 kB
node_modules/.cache/nuxt/.nuxt/dist/server/_nuxt/AppButton-styles.Dblf95Mj.mjs                         0.08 kB
node_modules/.cache/nuxt/.nuxt/dist/server/_nuxt/AppFooter-styles.CduHwAV1.mjs                         0.08 kB
node_modules/.cache/nuxt/.nuxt/dist/server/_nuxt/AppSelect-styles.C1g8lo9q.mjs                         0.08 kB
node_modules/.cache/nuxt/.nuxt/dist/server/_nuxt/AppToggle-styles.D-ftppak.mjs                         0.08 kB
node_modules/.cache/nuxt/.nuxt/dist/server/_nuxt/DataTable-styles.DL2nqBxE.mjs                         0.08 kB
node_modules/.cache/nuxt/.nuxt/dist/server/_nuxt/Dock-styles.DZRqEBwJ.mjs                              0.08 kB
node_modules/.cache/nuxt/.nuxt/dist/server/_nuxt/NoContent-styles.Bu_lOhbx.mjs                         0.08 kB
node_modules/.cache/nuxt/.nuxt/dist/server/_nuxt/PDFViewer-styles.COAT5fh7.mjs                         0.08 kB
node_modules/.cache/nuxt/.nuxt/dist/server/_nuxt/QuickSearchTab-styles.CiBBrjBy.mjs                    0.08 kB
node_modules/.cache/nuxt/.nuxt/dist/server/_nuxt/SearchResultsList-styles.25o0IiEO.mjs                 0.08 kB
node_modules/.cache/nuxt/.nuxt/dist/server/_nuxt/SidebarItem-styles.CloUfI61.mjs                       0.08 kB
node_modules/.cache/nuxt/.nuxt/dist/server/_nuxt/SidebarSkeleton-styles.DyXZ6yt-.mjs                   0.08 kB
node_modules/.cache/nuxt/.nuxt/dist/server/_nuxt/TabNavigation-styles.D8f2bjBY.mjs                     0.08 kB
node_modules/.cache/nuxt/.nuxt/dist/server/_nuxt/Thumbnail-styles.CA1F9l1B.mjs                         0.08 kB
node_modules/.cache/nuxt/.nuxt/dist/server/_nuxt/index-styles-12.Qii5EVlV.mjs                          0.08 kB
node_modules/.cache/nuxt/.nuxt/dist/server/_nuxt/shortcuts-styles.38n0DAnO.mjs                         0.08 kB
node_modules/.cache/nuxt/.nuxt/dist/server/_nuxt/AppBtnIcon-styles.MtYPjY7E.mjs                        0.08 kB
node_modules/.cache/nuxt/.nuxt/dist/server/_nuxt/AppDotMenu-styles.BZJZEhLd.mjs                        0.08 kB
node_modules/.cache/nuxt/.nuxt/dist/server/_nuxt/BreadCrumbs-styles.B3EiMfWI.mjs                       0.08 kB
node_modules/.cache/nuxt/.nuxt/dist/server/_nuxt/CollapseItem-styles.DG46Qq6M.mjs                      0.08 kB
node_modules/.cache/nuxt/.nuxt/dist/server/_nuxt/Disable2FA-styles.DXEtOLuV.mjs                        0.08 kB
node_modules/.cache/nuxt/.nuxt/dist/server/_nuxt/FileInline-styles.CyqE9km8.mjs                        0.08 kB
node_modules/.cache/nuxt/.nuxt/dist/server/_nuxt/MediumView-styles.DvD-AVHc.mjs                        0.08 kB
node_modules/.cache/nuxt/.nuxt/dist/server/_nuxt/Navbar-styles-2.CZSGs3sN.mjs                          0.08 kB
node_modules/.cache/nuxt/.nuxt/dist/server/_nuxt/NavbarRouter-styles.BlYrRvO7.mjs                      0.08 kB
node_modules/.cache/nuxt/.nuxt/dist/server/_nuxt/Resizable-styles.BG3rNQx5.mjs                         0.08 kB
node_modules/.cache/nuxt/.nuxt/dist/server/_nuxt/Sidebar-styles.0fGqmsTG.mjs                           0.08 kB
node_modules/.cache/nuxt/.nuxt/dist/server/_nuxt/SidebarWorkspace-styles.8CJ8Ujb3.mjs                  0.08 kB
node_modules/.cache/nuxt/.nuxt/dist/server/_nuxt/SidebarWorkspaces-styles.PAzY39cT.mjs                 0.08 kB
node_modules/.cache/nuxt/.nuxt/dist/server/_nuxt/Tab-styles.CS1bTjYh.mjs                               0.08 kB
node_modules/.cache/nuxt/.nuxt/dist/server/_nuxt/UserAvatar-styles.DK53nbcY.mjs                        0.08 kB
node_modules/.cache/nuxt/.nuxt/dist/server/_nuxt/AppCollapse-styles.BL4cRNoM.mjs                       0.09 kB
node_modules/.cache/nuxt/.nuxt/dist/server/_nuxt/AppTagInput-styles.D0TpeOJ2.mjs                       0.09 kB
node_modules/.cache/nuxt/.nuxt/dist/server/_nuxt/ContextMenu-styles.B84UoABM.mjs                       0.09 kB
node_modules/.cache/nuxt/.nuxt/dist/server/_nuxt/Permissions-styles.BtreXoCD.mjs                       0.09 kB
node_modules/.cache/nuxt/.nuxt/dist/server/_nuxt/SessionCard-styles.CvR8fe-n.mjs                       0.09 kB
node_modules/.cache/nuxt/.nuxt/dist/server/_nuxt/AdvancedView-styles.D9CY8IKp.mjs                      0.09 kB
node_modules/.cache/nuxt/.nuxt/dist/server/_nuxt/Assign.modal-styles.BwgNFqCR.mjs                      0.09 kB
node_modules/.cache/nuxt/.nuxt/dist/server/_nuxt/DrawioEditor-styles.Df3MgGMq.mjs                      0.09 kB
node_modules/.cache/nuxt/.nuxt/dist/server/_nuxt/ImportReport-styles.5stK_J8J.mjs                      0.09 kB
node_modules/.cache/nuxt/.nuxt/dist/server/_nuxt/RemoveShared-styles.t-GXA1Cj.mjs                      0.09 kB
node_modules/.cache/nuxt/.nuxt/dist/server/_nuxt/SnippetModal-styles.CXh0Qn5j.mjs                      0.09 kB
node_modules/.cache/nuxt/.nuxt/dist/server/_nuxt/share-target-styles.BFxDMHEE.mjs                      0.09 kB
node_modules/.cache/nuxt/.nuxt/dist/server/_nuxt/AppSelectNode-styles.CzmxYzcY.mjs                     0.09 kB
node_modules/.cache/nuxt/.nuxt/dist/server/_nuxt/ContainerView-styles.BvKKIi58.mjs                     0.09 kB
node_modules/.cache/nuxt/.nuxt/dist/server/_nuxt/LoaderSpinner-styles.BPCw0eGF.mjs                     0.09 kB
node_modules/.cache/nuxt/.nuxt/dist/server/_nuxt/ViewSelection-styles.D0gEDVMr.mjs                     0.09 kB
node_modules/.cache/nuxt/.nuxt/dist/server/_nuxt/documentation-styles.Bt3V6U-D.mjs                     0.09 kB
node_modules/.cache/nuxt/.nuxt/dist/server/_nuxt/request-reset-styles.BL5bjGv2.mjs                     0.09 kB
node_modules/.cache/nuxt/.nuxt/dist/server/_nuxt/AppColorPicker-styles.kM1Q4D5W.mjs                    0.09 kB
node_modules/.cache/nuxt/.nuxt/dist/server/_nuxt/BackupCodes2FA-styles.i5zTJn_Y.mjs                    0.09 kB
node_modules/.cache/nuxt/.nuxt/dist/server/_nuxt/ColorPickerModal-styles.B1-tTtL8.mjs                  0.09 kB
node_modules/.cache/nuxt/.nuxt/dist/server/_nuxt/DrawioSidebar-styles.CDLPNJys.mjs                     0.09 kB
node_modules/.cache/nuxt/.nuxt/dist/server/_nuxt/EditorPreferences-styles.D8mfAZ5f.mjs                 0.09 kB
node_modules/.cache/nuxt/.nuxt/dist/server/_nuxt/GridOrganizationModal-styles.BicGHd5A.mjs             0.09 kB
node_modules/.cache/nuxt/.nuxt/dist/server/_nuxt/HeaderSkeleton-styles.DkZYpgeQ.mjs                    0.09 kB
node_modules/.cache/nuxt/.nuxt/dist/server/_nuxt/ImageSelectorModal-styles.D_qMqeIo.mjs                0.09 kB
node_modules/.cache/nuxt/.nuxt/dist/server/_nuxt/MarkdownSyntax-styles.7FrZiXRq.mjs                    0.09 kB
node_modules/.cache/nuxt/.nuxt/dist/server/_nuxt/Toolbar-styles.Db30G_Ao.mjs                           0.09 kB
node_modules/.cache/nuxt/.nuxt/dist/server/_nuxt/VoiceRecognition-styles.BztyWaao.mjs                  0.09 kB
node_modules/.cache/nuxt/.nuxt/dist/server/_nuxt/manage-members-styles.jwXSIbnW.mjs                    0.09 kB
node_modules/.cache/nuxt/.nuxt/dist/server/_nuxt/ContentCompiled-styles.CzGSyhTI.mjs                   0.09 kB
node_modules/.cache/nuxt/.nuxt/dist/server/_nuxt/EditorAppHeader-styles.CmxRdW3D.mjs                   0.09 kB
node_modules/.cache/nuxt/.nuxt/dist/server/_nuxt/HeaderActionRow-styles.Bfp9eexy.mjs                   0.09 kB
node_modules/.cache/nuxt/.nuxt/dist/server/_nuxt/ResetBoard.modal-styles.BVLluIct.mjs                  0.09 kB
node_modules/.cache/nuxt/.nuxt/dist/server/_nuxt/DeleteColumn.modal-styles.CYO0mvmm.mjs                0.09 kB
node_modules/.cache/nuxt/.nuxt/dist/server/_nuxt/KanbanColumnFilter-styles.CjC73cMe.mjs                0.09 kB
node_modules/.cache/nuxt/.nuxt/dist/server/_nuxt/SecuritySection2FA-styles.D2gtv9Dl.mjs                0.09 kB
node_modules/.cache/nuxt/.nuxt/dist/server/_nuxt/ResourceContextMenu-styles._-6qbBIU.mjs               0.09 kB
node_modules/.cache/nuxt/.nuxt/dist/server/_nuxt/SecuritySectionOIDC-styles.DWR8YGH5.mjs               0.09 kB
node_modules/.cache/nuxt/.nuxt/dist/server/_nuxt/SecuritySectionDanger-styles.BKvizod8.mjs             0.10 kB
node_modules/.cache/nuxt/.nuxt/dist/server/_nuxt/SecuritySectionPassword-styles.CW4_9LkH.mjs           0.10 kB
node_modules/.cache/nuxt/.nuxt/dist/server/_nuxt/SecuritySectionSessions-styles.DAHECqXX.mjs           0.10 kB
node_modules/.cache/nuxt/.nuxt/dist/server/_nuxt/AppPreferenceInputSection-styles.CQu9m3P-.mjs         0.10 kB
node_modules/.cache/nuxt/.nuxt/dist/server/_nuxt/_id_-styles.BSjumuuP.mjs                              0.15 kB
node_modules/.cache/nuxt/.nuxt/dist/server/_nuxt/public-styles.D3zZPQtC.mjs                            0.15 kB
node_modules/.cache/nuxt/.nuxt/dist/server/_nuxt/index-styles-10.CB-K9cfN.mjs                          0.15 kB
node_modules/.cache/nuxt/.nuxt/dist/server/_nuxt/index-styles-9.mqhtoprE.mjs                           0.15 kB
node_modules/.cache/nuxt/.nuxt/dist/server/_nuxt/index-styles-5.DROszfWh.mjs                           0.22 kB
node_modules/.cache/nuxt/.nuxt/dist/server/_nuxt/home-styles.QYTo4uaL.mjs                              0.28 kB
node_modules/.cache/nuxt/.nuxt/dist/server/_nuxt/backup-styles.BydVJ9dW.mjs                            0.35 kB
node_modules/.cache/nuxt/.nuxt/dist/server/_nuxt/index-styles-3.BdXmiOQJ.mjs                           0.36 kB
node_modules/.cache/nuxt/.nuxt/dist/server/_nuxt/entry-styles.C7FWD2U5.mjs                             0.48 kB
node_modules/.cache/nuxt/.nuxt/dist/server/_nuxt/index-styles.hMgsXD7e.mjs                             0.48 kB
node_modules/.cache/nuxt/.nuxt/dist/server/_nuxt/MarkdownEditor-styles.DMGEAMR8.mjs                    0.62 kB
node_modules/.cache/nuxt/.nuxt/dist/server/_nuxt/dashboard-styles.DqAlTUTt.mjs                         1.46 kB
node_modules/.cache/nuxt/.nuxt/dist/server/styles.mjs                                                 20.47 kB
node_modules/.cache/nuxt/.nuxt/dist/server/_nuxt/useI18n-B7loz-lU.js                                   0.22 kB │ map:   1.35 kB
node_modules/.cache/nuxt/.nuxt/dist/server/_nuxt/i18n.config-C_wclOpt.js                               0.22 kB │ map:   0.29 kB
node_modules/.cache/nuxt/.nuxt/dist/server/_nuxt/pages-BY5TZ-kA.js                                     0.22 kB │ map:   1.64 kB
node_modules/.cache/nuxt/.nuxt/dist/server/_nuxt/composables-8-vR9026.js                               0.28 kB │ map:   0.35 kB
node_modules/.cache/nuxt/.nuxt/dist/server/_nuxt/dashboard-styles-20.mjs-ChA0O3tG.js                   0.37 kB │ map:   1.95 kB
node_modules/.cache/nuxt/.nuxt/dist/server/_nuxt/entry-styles-6.mjs-DFFs_QYl.js                        0.40 kB │ map:   3.04 kB
node_modules/.cache/nuxt/.nuxt/dist/server/_nuxt/privacy-styles-1.mjs-_VEPxc80.js                      0.41 kB │ map:   4.21 kB
node_modules/.cache/nuxt/.nuxt/dist/server/_nuxt/advanced-styles-1.mjs-r9w2T0Ba.js                     0.43 kB │ map:   1.29 kB
node_modules/.cache/nuxt/.nuxt/dist/server/_nuxt/teams-2-styles-1.mjs-CAr-iSQX.js                      0.43 kB │ map:   1.15 kB
node_modules/.cache/nuxt/.nuxt/dist/server/_nuxt/ContentCompiled-styles-1.mjs-BF5aT9dg.js              0.44 kB │ map:   5.21 kB
node_modules/.cache/nuxt/.nuxt/dist/server/_nuxt/RemoveShared-styles-1.mjs-BTjUqzDd.js                 0.44 kB │ map:   1.95 kB
node_modules/.cache/nuxt/.nuxt/dist/server/_nuxt/usePasswordField-Pb9v7TMc.js                          0.45 kB │ map:   0.59 kB
node_modules/.cache/nuxt/.nuxt/dist/server/_nuxt/ResetBoard.modal-styles-1.mjs-BBnInHbW.js             0.45 kB │ map:   1.05 kB
node_modules/.cache/nuxt/.nuxt/dist/server/_nuxt/HeaderActionRow-styles-1.mjs-C3TZ1W-N.js              0.46 kB │ map:   4.34 kB
node_modules/.cache/nuxt/.nuxt/dist/server/_nuxt/Delete-styles-1.mjs-BKpiqy9A.js                       0.47 kB │ map:   2.53 kB
node_modules/.cache/nuxt/.nuxt/dist/server/_nuxt/dashboard-styles-3.mjs-DCKtdLsu.js                    0.47 kB │ map:   3.27 kB
node_modules/.cache/nuxt/.nuxt/dist/server/_nuxt/public-styles-2.mjs-BDVjTKgw.js                       0.48 kB │ map:   0.49 kB
node_modules/.cache/nuxt/.nuxt/dist/server/_nuxt/NoContent-styles-1.mjs-ByIWc9Km.js                    0.49 kB │ map:   0.73 kB
node_modules/.cache/nuxt/.nuxt/dist/server/_nuxt/SnippetModal-styles-1.mjs-DZbKYvJj.js                 0.49 kB │ map:   2.34 kB
node_modules/.cache/nuxt/.nuxt/dist/server/_nuxt/Disable2FA-styles-1.mjs-DMTj5Fee.js                   0.50 kB │ map:   1.43 kB
node_modules/.cache/nuxt/.nuxt/dist/server/_nuxt/Level-styles-1.mjs-CrCUu7wp.js                        0.50 kB │ map:   0.75 kB
node_modules/.cache/nuxt/.nuxt/dist/server/_nuxt/TagList-styles-1.mjs-CRa41Hpa.js                      0.51 kB │ map:   1.24 kB
node_modules/.cache/nuxt/.nuxt/dist/server/_nuxt/edit-2-styles-1.mjs-DLC5DLaB.js                       0.52 kB │ map:   4.02 kB
node_modules/.cache/nuxt/.nuxt/dist/server/_nuxt/DeleteColumn.modal-styles-1.mjs-CpTNU1MB.js           0.53 kB │ map:   1.37 kB
node_modules/.cache/nuxt/.nuxt/dist/server/_nuxt/settings-styles-1.mjs-DZc5OxLt.js                     0.53 kB │ map:   3.69 kB
node_modules/.cache/nuxt/.nuxt/dist/server/_nuxt/documentation-styles-1.mjs-DjCBFHnA.js                0.53 kB │ map:  17.74 kB
node_modules/.cache/nuxt/.nuxt/dist/server/_nuxt/Thumbnail-styles-1.mjs-DMQinC-j.js                    0.55 kB │ map:   1.61 kB
node_modules/.cache/nuxt/.nuxt/dist/server/_nuxt/backup-styles-4.mjs-Nz_Ikwng.js                       0.55 kB │ map:   1.65 kB
node_modules/.cache/nuxt/.nuxt/dist/server/_nuxt/SecuritySectionPassword-styles-1.mjs-Cts18QRW.js      0.56 kB │ map:   2.61 kB
node_modules/.cache/nuxt/.nuxt/dist/server/_nuxt/index-12-styles-1.mjs-DN7fFjD3.js                     0.58 kB │ map:   4.13 kB
node_modules/.cache/nuxt/.nuxt/dist/server/_nuxt/dashboard-styles-10.mjs-B823wDiA.js                   0.58 kB │ map:   1.96 kB
node_modules/.cache/nuxt/.nuxt/dist/server/_nuxt/_id_-2-styles-2.mjs-D9ODRPJM.js                       0.60 kB │ map:   5.14 kB
node_modules/.cache/nuxt/.nuxt/dist/server/_nuxt/index-5-styles-5.mjs-DokuC9Av.js                      0.60 kB │ map:   2.91 kB
node_modules/.cache/nuxt/.nuxt/dist/server/_nuxt/backup-styles-5.mjs-BrnV91Yr.js                       0.61 kB │ map:   8.20 kB
node_modules/.cache/nuxt/.nuxt/dist/server/_nuxt/insights-styles-1.mjs-DVFEClHU.js                     0.62 kB │ map:   2.13 kB
node_modules/.cache/nuxt/.nuxt/dist/server/_nuxt/dashboard-styles-19.mjs-NESECreN.js                   0.63 kB │ map:   0.87 kB
node_modules/.cache/nuxt/.nuxt/dist/server/_nuxt/dashboard-styles-11.mjs-WNd-1Kys.js                   0.63 kB │ map:   1.11 kB
node_modules/.cache/nuxt/.nuxt/dist/server/_nuxt/LoaderSpinner-styles-1.mjs-BazW9ae-.js                0.64 kB │ map:   0.59 kB
node_modules/.cache/nuxt/.nuxt/dist/server/_nuxt/AppRadio-styles-1.mjs-Cxpnt4N1.js                     0.69 kB │ map:   1.25 kB
node_modules/.cache/nuxt/.nuxt/dist/server/_nuxt/index-16-styles-2.mjs-CNdxLu8Y.js                     0.71 kB │ map:   3.13 kB
node_modules/.cache/nuxt/.nuxt/dist/server/_nuxt/_doc_id_-styles-1.mjs-C-x1PDBX.js                     0.73 kB │ map:   4.15 kB
node_modules/.cache/nuxt/.nuxt/dist/server/_nuxt/preview-styles-1.mjs-ac_H-54U.js                      0.73 kB │ map:   4.44 kB
node_modules/.cache/nuxt/.nuxt/dist/server/_nuxt/useLocaleOptions-CxqilMSt.js                          0.76 kB │ map:   1.10 kB
node_modules/.cache/nuxt/.nuxt/dist/server/_nuxt/MarkdownEditor-styles-5.mjs-DtM0guao.js               0.76 kB │ map:   2.21 kB
node_modules/.cache/nuxt/.nuxt/dist/server/_nuxt/Metadata-styles-1.mjs-CGYsAFjv.js                     0.78 kB │ map:   4.15 kB
node_modules/.cache/nuxt/.nuxt/dist/server/_nuxt/done-styles-1.mjs-CjctpzEN.js                         0.78 kB │ map:   1.11 kB
node_modules/.cache/nuxt/.nuxt/dist/server/_nuxt/AppCTA-styles-1.mjs-_pmDnjbS.js                       0.80 kB │ map:   1.38 kB
node_modules/.cache/nuxt/.nuxt/dist/server/_nuxt/dashboard-styles-6.mjs-DPl9hKur.js                    0.80 kB │ map:   1.23 kB
node_modules/.cache/nuxt/.nuxt/dist/server/_nuxt/useMark-CWVy8A9z.js                                   0.81 kB │ map:   1.99 kB
node_modules/.cache/nuxt/.nuxt/dist/server/_nuxt/dashboard-styles-15.mjs-BOXil-YC.js                   0.81 kB │ map:   1.80 kB
node_modules/.cache/nuxt/.nuxt/dist/server/_nuxt/MarkdownEditor-styles-4.mjs-DS32veSj.js               0.82 kB │ map:   3.99 kB
node_modules/.cache/nuxt/.nuxt/dist/server/_nuxt/index-7-styles-3.mjs-DaX29USz.js                      0.82 kB │ map:   5.31 kB
node_modules/.cache/nuxt/.nuxt/dist/server/_nuxt/files-styles-1.mjs-CqivOSKP.js                        0.83 kB │ map:   7.31 kB
node_modules/.cache/nuxt/.nuxt/dist/server/_nuxt/folder-styles-1.mjs-DOAP9fPy.js                       0.83 kB │ map:   7.34 kB
node_modules/.cache/nuxt/.nuxt/dist/server/_nuxt/Loader-styles-1.mjs-CCQfKsSZ.js                       0.84 kB │ map:   0.86 kB
node_modules/.cache/nuxt/.nuxt/dist/server/_nuxt/SecuritySectionSessions-styles-1.mjs-GA2lJ3fl.js      0.84 kB │ map:   2.37 kB
node_modules/.cache/nuxt/.nuxt/dist/server/_nuxt/AppColorPicker-styles-1.mjs-Bira7g5i.js               0.84 kB │ map:   2.52 kB
node_modules/.cache/nuxt/.nuxt/dist/server/_nuxt/dashboard-styles-1.mjs-CvMgQIbT.js                    0.85 kB │ map:   1.91 kB
node_modules/.cache/nuxt/.nuxt/dist/server/_nuxt/AppSelectNode-styles-1.mjs-DraWES-B.js                0.85 kB │ map:   2.10 kB
node_modules/.cache/nuxt/.nuxt/dist/server/_nuxt/index-9-styles-1.mjs-Cf39cBNV.js                      0.85 kB │ map:   4.09 kB
node_modules/.cache/nuxt/.nuxt/dist/server/_nuxt/useAppColors-DkZOAerz.js                              0.85 kB │ map:   2.05 kB
node_modules/.cache/nuxt/.nuxt/dist/server/_nuxt/UserAvatar-styles-1.mjs-iTszhof_.js                   0.86 kB │ map:   1.80 kB
node_modules/.cache/nuxt/.nuxt/dist/server/_nuxt/dashboard-styles-13.mjs-CQSwiP0g.js                   0.88 kB │ map:   2.35 kB
node_modules/.cache/nuxt/.nuxt/dist/server/_nuxt/cdn-45wDarZb.js                                       0.88 kB │ map:   0.20 kB
node_modules/.cache/nuxt/.nuxt/dist/server/_nuxt/Skeleton-styles-1.mjs-BBT57ghd.js                     0.89 kB │ map:   2.12 kB
node_modules/.cache/nuxt/.nuxt/dist/server/_nuxt/shortcuts-styles-1.mjs-DJ9BAsAw.js                    0.91 kB │ map:   9.80 kB
node_modules/.cache/nuxt/.nuxt/dist/server/_nuxt/AppHint-styles-1.mjs-BGcuEotF.js                      0.91 kB │ map:   1.20 kB
node_modules/.cache/nuxt/.nuxt/dist/server/_nuxt/Stats-styles-1.mjs-Cau2H9If.js                        0.91 kB │ map:   2.39 kB
node_modules/.cache/nuxt/.nuxt/dist/server/_nuxt/Loader-9KGNKfFu.js                                    0.92 kB │ map:   0.92 kB
node_modules/.cache/nuxt/.nuxt/dist/server/_nuxt/entry-styles-1.mjs-F7kUkH5n.js                        0.93 kB │ map:   1.76 kB
node_modules/.cache/nuxt/.nuxt/dist/server/_nuxt/useApi-CdDw9Hvh.js                                    0.93 kB │ map:   1.57 kB
node_modules/.cache/nuxt/.nuxt/dist/server/_nuxt/callback-styles-1.mjs-Bn9XpWI8.js                     0.96 kB │ map:   4.04 kB
node_modules/.cache/nuxt/.nuxt/dist/server/_nuxt/profile-styles-1.mjs-CTcXekfU.js                      0.96 kB │ map:   5.12 kB
node_modules/.cache/nuxt/.nuxt/dist/server/_nuxt/LoaderSpinner-C5IrOEaB.js                             0.97 kB │ map:   0.65 kB
node_modules/.cache/nuxt/.nuxt/dist/server/_nuxt/AdvancedView-styles-1.mjs-DQn_jl7J.js                 0.98 kB │ map:   5.26 kB
node_modules/.cache/nuxt/.nuxt/dist/server/_nuxt/index-5-styles-3.mjs-B__NJvsd.js                      1.01 kB │ map:   2.28 kB
node_modules/.cache/nuxt/.nuxt/dist/server/_nuxt/AppToggle-styles-1.mjs-BydskIZ0.js                    1.01 kB │ map:   1.81 kB
node_modules/.cache/nuxt/.nuxt/dist/server/_nuxt/dashboard-styles-8.mjs-wyHRB6vZ.js                    1.02 kB │ map:   2.59 kB
node_modules/.cache/nuxt/.nuxt/dist/server/_nuxt/public-styles-1.mjs-Nl3lLBI9.js                       1.03 kB │ map:   1.37 kB
node_modules/.cache/nuxt/.nuxt/dist/server/_nuxt/Inline-2-styles-1.mjs-7P-O5rll.js                     1.03 kB │ map:   2.62 kB
node_modules/.cache/nuxt/.nuxt/dist/server/_nuxt/AppCheck-styles-1.mjs-Df84W3Ig.js                     1.05 kB │ map:   1.72 kB
node_modules/.cache/nuxt/.nuxt/dist/server/_nuxt/HeaderSkeleton-styles-1.mjs-BYoVNMwH.js               1.05 kB │ map:   1.29 kB
node_modules/.cache/nuxt/.nuxt/dist/server/_nuxt/ViewSelection-styles-1.mjs-CBnscUpL.js                1.08 kB │ map:   2.80 kB
node_modules/.cache/nuxt/.nuxt/dist/server/_nuxt/backup-styles-2.mjs-CCpyYzMF.js                       1.09 kB │ map:   2.05 kB
node_modules/.cache/nuxt/.nuxt/dist/server/_nuxt/dashboard-D6ws64s8.js                                 1.13 kB │ map:   0.50 kB
node_modules/.cache/nuxt/.nuxt/dist/server/_nuxt/AppCollapse-styles-1.mjs-DkuRuIcT.js                  1.15 kB │ map:   2.09 kB
node_modules/.cache/nuxt/.nuxt/dist/server/_nuxt/DrawioEditor-styles-1.mjs-ahE52PeG.js                 1.17 kB │ map:   4.03 kB
node_modules/.cache/nuxt/.nuxt/dist/server/_nuxt/AppDotMenu-styles-1.mjs-VdHz37Rd.js                   1.17 kB │ map:   2.32 kB
node_modules/.cache/nuxt/.nuxt/dist/server/_nuxt/cdn-Dy8KpAUn.js                                       1.18 kB │ map:   0.55 kB
node_modules/.cache/nuxt/.nuxt/dist/server/_nuxt/docs-DIIRdieI.js                                      1.19 kB │ map:   0.55 kB
node_modules/.cache/nuxt/.nuxt/dist/server/_nuxt/Error-styles-1.mjs-B0gbzuVO.js                        1.20 kB │ map:   2.52 kB
node_modules/.cache/nuxt/.nuxt/dist/server/_nuxt/users-BqfoR4hF.js                                     1.20 kB │ map:   0.50 kB
node_modules/.cache/nuxt/.nuxt/dist/server/_nuxt/backup-styles-1.mjs-BM0o0rfa.js                       1.20 kB │ map:   3.49 kB
node_modules/.cache/nuxt/.nuxt/dist/server/_nuxt/index-16-styles-1.mjs-CnXjBm--.js                     1.20 kB │ map:   2.25 kB
node_modules/.cache/nuxt/.nuxt/dist/server/_nuxt/index-5-styles-4.mjs-DN84FV8g.js                      1.20 kB │ map:   3.24 kB
node_modules/.cache/nuxt/.nuxt/dist/server/_nuxt/MarkdownEditor-styles-7.mjs-DnGCsV8B.js               1.20 kB │ map:   1.79 kB
node_modules/.cache/nuxt/.nuxt/dist/server/_nuxt/teams-COoiYyGp.js                                     1.21 kB │ map:   0.57 kB
node_modules/.cache/nuxt/.nuxt/dist/server/_nuxt/diagram-styles-1.mjs--n4zuO8n.js                      1.22 kB │ map:   3.32 kB
node_modules/.cache/nuxt/.nuxt/dist/server/_nuxt/FileInline-styles-1.mjs-DldhzQtY.js                   1.23 kB │ map:   2.10 kB
node_modules/.cache/nuxt/.nuxt/dist/server/_nuxt/dashboard-styles-5.mjs-B_qSbc1R.js                    1.23 kB │ map:   4.08 kB
node_modules/.cache/nuxt/.nuxt/dist/server/_nuxt/join-workspace-BIzpaWGx.js                            1.23 kB │ map:   1.06 kB
node_modules/.cache/nuxt/.nuxt/dist/server/_nuxt/entry-styles-7.mjs-DtBLRjnG.js                        1.24 kB │ map:   2.33 kB
node_modules/.cache/nuxt/.nuxt/dist/server/_nuxt/categories-CwYwJEGI.js                                1.26 kB │ map:   0.57 kB
node_modules/.cache/nuxt/.nuxt/dist/server/_nuxt/ContainerView-styles-1.mjs-D0b1uXm3.js                1.27 kB │ map:   8.05 kB
node_modules/.cache/nuxt/.nuxt/dist/server/_nuxt/request-reset-styles-1.mjs-DV8eLvBp.js                1.28 kB │ map:   2.76 kB
node_modules/.cache/nuxt/.nuxt/dist/server/_nuxt/resources.store-JdcTEYV2.js                           1.29 kB │ map:   2.26 kB
node_modules/.cache/nuxt/.nuxt/dist/server/_nuxt/AppPreferenceInputSection-styles-1.mjs-DCSlIO4Z.js    1.29 kB │ map:   4.35 kB
node_modules/.cache/nuxt/.nuxt/dist/server/_nuxt/Assign.modal-styles-1.mjs-d0ocz9Vj.js                 1.29 kB │ map:   4.53 kB
node_modules/.cache/nuxt/.nuxt/dist/server/_nuxt/admin-DglJdH8f.js                                     1.30 kB │ map:   0.70 kB
node_modules/.cache/nuxt/.nuxt/dist/server/_nuxt/dashboard-styles-9.mjs-C3KClcg6.js                    1.30 kB │ map:   6.60 kB
node_modules/.cache/nuxt/.nuxt/dist/server/_nuxt/Join-styles-1.mjs-f5W9eXXn.js                         1.30 kB │ map:   3.45 kB
node_modules/.cache/nuxt/.nuxt/dist/server/_nuxt/index-7-styles-2.mjs-CgmeObyn.js                      1.31 kB │ map:   2.63 kB
node_modules/.cache/nuxt/.nuxt/dist/server/_nuxt/EditorAppHeader-styles-1.mjs-DETYameK.js              1.31 kB │ map:   1.74 kB
node_modules/.cache/nuxt/.nuxt/dist/server/_nuxt/MarkdownEditor-styles-3.mjs-DB8yAT02.js               1.32 kB │ map:   3.46 kB
node_modules/.cache/nuxt/.nuxt/dist/server/_nuxt/index-3-styles-1.mjs-DbHf-ed6.js                      1.36 kB │ map:   2.88 kB
node_modules/.cache/nuxt/.nuxt/dist/server/_nuxt/SecuritySectionOIDC-styles-1.mjs-CCCpykzH.js          1.45 kB │ map:   4.08 kB
node_modules/.cache/nuxt/.nuxt/dist/server/_nuxt/AppBtnIcon-styles-1.mjs-DSbhEs8q.js                   1.46 kB │ map:   2.59 kB
node_modules/.cache/nuxt/.nuxt/dist/server/_nuxt/dashboard-styles-7.mjs-4T6u9kwy.js                    1.47 kB │ map:   2.77 kB
node_modules/.cache/nuxt/.nuxt/dist/server/_nuxt/KanbanColumnFilter-styles-1.mjs-Cz9nt8Op.js           1.47 kB │ map:   6.40 kB
node_modules/.cache/nuxt/.nuxt/dist/server/_nuxt/backup-styles-3.mjs-DHoG-823.js                       1.47 kB │ map:   7.49 kB
node_modules/.cache/nuxt/.nuxt/dist/server/_nuxt/Status-styles-1.mjs-CzH0sVjS.js                       1.50 kB │ map:   3.40 kB
node_modules/.cache/nuxt/.nuxt/dist/server/_nuxt/Board-styles-1.mjs-B2vODtdq.js                        1.50 kB │ map:   7.84 kB
node_modules/.cache/nuxt/.nuxt/dist/server/_nuxt/Filter-styles-1.mjs-DwVMBKAr.js                       1.52 kB │ map:   9.26 kB
node_modules/.cache/nuxt/.nuxt/dist/server/_nuxt/Team-styles-1.mjs-C4wZPwOb.js                         1.52 kB │ map:   2.67 kB
node_modules/.cache/nuxt/.nuxt/dist/server/_nuxt/AppButton-styles-1.mjs-BU5wYg0c.js                    1.53 kB │ map:   1.78 kB
node_modules/.cache/nuxt/.nuxt/dist/server/_nuxt/AppHint-DiTkVTcI.js                                   1.54 kB │ map:   2.44 kB
node_modules/.cache/nuxt/.nuxt/dist/server/_nuxt/Preview-styles-1.mjs-DMSvm4bd.js                      1.56 kB │ map:   3.60 kB
node_modules/.cache/nuxt/.nuxt/dist/server/_nuxt/AppButton-wrn6fQiT.js                                 1.57 kB │ map:   3.58 kB
node_modules/.cache/nuxt/.nuxt/dist/server/_nuxt/Navbar-styles-1.mjs-MavTJfgR.js                       1.57 kB │ map:   4.24 kB
node_modules/.cache/nuxt/.nuxt/dist/server/_nuxt/dashboard-styles-17.mjs-Cyc7_-ba.js                   1.58 kB │ map:   2.71 kB
node_modules/.cache/nuxt/.nuxt/dist/server/_nuxt/SecuritySection2FA-styles-1.mjs-BxNJ0mFP.js           1.58 kB │ map:   4.36 kB
node_modules/.cache/nuxt/.nuxt/dist/server/_nuxt/share-target-styles-1.mjs-ZXmL4yXZ.js                 1.63 kB │ map:   9.38 kB
node_modules/.cache/nuxt/.nuxt/dist/server/_nuxt/MarkdownEditor-styles-1.mjs-HjFdKeHI.js               1.66 kB │ map:   4.75 kB
node_modules/.cache/nuxt/.nuxt/dist/server/_nuxt/NuxtLinkLocale-CU11ThGx.js                            1.67 kB │ map:   3.04 kB
node_modules/.cache/nuxt/.nuxt/dist/server/_nuxt/reset-styles-1.mjs-3xACc2lP.js                        1.69 kB │ map:   5.37 kB
node_modules/.cache/nuxt/.nuxt/dist/server/_nuxt/AppRadio-BY4SHxir.js                                  1.70 kB │ map:   2.62 kB
node_modules/.cache/nuxt/.nuxt/dist/server/_nuxt/MarkdownSyntax-styles-1.mjs-B-BK4D5t.js               1.75 kB │ map:  14.35 kB
node_modules/.cache/nuxt/.nuxt/dist/server/_nuxt/IconApp-3n60CRhr.js                                   1.75 kB │ map:   1.89 kB
node_modules/.cache/nuxt/.nuxt/dist/server/_nuxt/_id_-2-styles-1.mjs-jlWIlZ4F.js                       1.76 kB │ map:   3.56 kB
node_modules/.cache/nuxt/.nuxt/dist/server/_nuxt/MarkdownEditor-styles-2.mjs-sCdOH0Zo.js               1.77 kB │ map:   4.58 kB
node_modules/.cache/nuxt/.nuxt/dist/server/_nuxt/dashboard-styles-2.mjs-dVlM9Zc1.js                    1.78 kB │ map:   3.62 kB
node_modules/.cache/nuxt/.nuxt/dist/server/_nuxt/Inline-styles-1.mjs-DVSbwG2Q.js                       1.79 kB │ map:   4.19 kB
node_modules/.cache/nuxt/.nuxt/dist/server/_nuxt/ResourceContextMenu-styles-1.mjs--NsK2GE-.js          1.80 kB │ map:   5.32 kB
node_modules/.cache/nuxt/.nuxt/dist/server/_nuxt/AppToggle-6CNhVUPm.js                                 1.80 kB │ map:   3.74 kB
node_modules/.cache/nuxt/.nuxt/dist/server/_nuxt/resources-DKHYpD6Q.js                                 1.80 kB │ map:   3.36 kB
node_modules/.cache/nuxt/.nuxt/dist/server/_nuxt/AppDrop-styles-1.mjs-dY5zJ14i.js                      1.83 kB │ map:   6.62 kB
node_modules/.cache/nuxt/.nuxt/dist/server/_nuxt/ContextMenu-styles-1.mjs-TxyVhqT5.js                  1.83 kB │ map:   5.94 kB
node_modules/.cache/nuxt/.nuxt/dist/server/_nuxt/uploads-7PO9-Jho.js                                   1.84 kB │ map:   1.19 kB
node_modules/.cache/nuxt/.nuxt/dist/server/_nuxt/BackupCodes2FA-styles-1.mjs-BskEFPfQ.js               1.86 kB │ map:   4.09 kB
node_modules/.cache/nuxt/.nuxt/dist/server/_nuxt/index-5-styles-1.mjs-fGE7IyYI.js                      1.89 kB │ map:   3.31 kB
node_modules/.cache/nuxt/.nuxt/dist/server/_nuxt/NoContent-BKCFOs3H.js                                 1.91 kB │ map:   1.61 kB
node_modules/.cache/nuxt/.nuxt/dist/server/_nuxt/Header-styles-1.mjs-rxmvlFbj.js                       1.94 kB │ map:   4.27 kB
node_modules/.cache/nuxt/.nuxt/dist/server/_nuxt/docs-BcKnKnk0.js                                      1.95 kB │ map:   2.28 kB
node_modules/.cache/nuxt/.nuxt/dist/server/_nuxt/index-17-styles-1.mjs-DahRu33N.js                     1.97 kB │ map:   4.06 kB
node_modules/.cache/nuxt/.nuxt/dist/server/_nuxt/NodeCard-styles-1.mjs-D3Coq9-Q.js                     1.99 kB │ map:   4.47 kB
node_modules/.cache/nuxt/.nuxt/dist/server/_nuxt/AppCheck-CbSTgQPY.js                                  2.03 kB │ map:   3.49 kB
node_modules/.cache/nuxt/.nuxt/dist/server/_nuxt/edit-tHCeflO3.js                                      2.08 kB │ map:   3.75 kB
node_modules/.cache/nuxt/.nuxt/dist/server/_nuxt/index-14-styles-1.mjs-BWDR8XVt.js                     2.11 kB │ map:   7.24 kB
node_modules/.cache/nuxt/.nuxt/dist/server/_nuxt/dashboard-styles-16.mjs-S9-f1mln.js                   2.12 kB │ map:   3.30 kB
node_modules/.cache/nuxt/.nuxt/dist/server/_nuxt/utils-CTjd40ga.js                                     2.14 kB │ map:   7.39 kB
node_modules/.cache/nuxt/.nuxt/dist/server/_nuxt/_id_-DSnjW8uH.js                                      2.15 kB │ map:   3.85 kB
node_modules/.cache/nuxt/.nuxt/dist/server/_nuxt/index-15-styles-1.mjs-B3hdFWmA.js                     2.16 kB │ map:   9.43 kB
node_modules/.cache/nuxt/.nuxt/dist/server/_nuxt/ImportReport-styles-1.mjs-CbZFkasn.js                 2.17 kB │ map:   6.05 kB
node_modules/.cache/nuxt/.nuxt/dist/server/_nuxt/manage-members-styles-1.mjs-paVJC9My.js               2.25 kB │ map:  12.43 kB
node_modules/.cache/nuxt/.nuxt/dist/server/_nuxt/FileInline-DFech3T8.js                                2.30 kB │ map:   4.51 kB
node_modules/.cache/nuxt/.nuxt/dist/server/_nuxt/entry-styles-2.mjs-l7jpkuzP.js                        2.31 kB │ map:   3.44 kB
node_modules/.cache/nuxt/.nuxt/dist/server/_nuxt/done-DbZo9e-_.js                                      2.33 kB │ map:   2.59 kB
node_modules/.cache/nuxt/.nuxt/dist/server/_nuxt/UserAvatar-CXWx96DY.js                                2.35 kB │ map:   4.10 kB
node_modules/.cache/nuxt/.nuxt/dist/server/_nuxt/entry-styles-3.mjs-DZQjgBtd.js                        2.36 kB │ map:   6.71 kB
node_modules/.cache/nuxt/.nuxt/dist/server/_nuxt/Permissions-styles-1.mjs-CMYhqljm.js                  2.37 kB │ map:  11.86 kB
node_modules/.cache/nuxt/.nuxt/dist/server/_nuxt/index-15-styles-2.mjs-CmEDq4pu.js                     2.39 kB │ map:   8.80 kB
node_modules/.cache/nuxt/.nuxt/dist/server/_nuxt/home-styles-2.mjs-DlS40lmX.js                         2.41 kB │ map:   4.18 kB
node_modules/.cache/nuxt/.nuxt/dist/server/_nuxt/snippets-styles-1.mjs-m-CiKImj.js                     2.41 kB │ map:   9.20 kB
node_modules/.cache/nuxt/.nuxt/dist/server/_nuxt/backups-styles-1.mjs-HUCo_u9q.js                      2.45 kB │ map:  11.25 kB
node_modules/.cache/nuxt/.nuxt/dist/server/_nuxt/index-styles-5.mjs-BLDnyPDO.js                        2.47 kB │ map:   4.62 kB
node_modules/.cache/nuxt/.nuxt/dist/server/_nuxt/entry-styles-5.mjs-WdJOz2_4.js                        2.48 kB │ map:   3.30 kB
node_modules/.cache/nuxt/.nuxt/dist/server/_nuxt/TOC-styles-1.mjs-CEc0EHr1.js                          2.49 kB │ map:   6.91 kB
node_modules/.cache/nuxt/.nuxt/dist/server/_nuxt/signup-styles-1.mjs-CM7TleQz.js                       2.50 kB │ map:   7.57 kB
node_modules/.cache/nuxt/.nuxt/dist/server/_nuxt/index-6-styles-1.mjs-DinUPMEq.js                      2.52 kB │ map:   8.41 kB
node_modules/.cache/nuxt/.nuxt/dist/server/_nuxt/DataTable-styles-1.mjs-CbEJYeaA.js                    2.55 kB │ map:   8.50 kB
node_modules/.cache/nuxt/.nuxt/dist/server/_nuxt/SecuritySectionDanger-styles-1.mjs-_ssQZUzX.js        2.55 kB │ map:   5.44 kB
node_modules/.cache/nuxt/.nuxt/dist/server/_nuxt/dashboard-styles-14.mjs-DIau_OvD.js                   2.63 kB │ map:   7.81 kB
node_modules/.cache/nuxt/.nuxt/dist/server/_nuxt/dashboard-styles-12.mjs-4XAVFo2c.js                   2.64 kB │ map:   7.71 kB
node_modules/.cache/nuxt/.nuxt/dist/server/_nuxt/index-5-styles-2.mjs-CXsTZsis.js                      2.67 kB │ map:   5.83 kB
node_modules/.cache/nuxt/.nuxt/dist/server/_nuxt/dashboard-styles-4.mjs-CYzQICWQ.js                    2.69 kB │ map:  11.57 kB
node_modules/.cache/nuxt/.nuxt/dist/server/_nuxt/Card-styles-1.mjs-EEMdWEXW.js                         2.69 kB │ map:   5.64 kB
node_modules/.cache/nuxt/.nuxt/dist/server/_nuxt/about-styles-1.mjs-C_5q89gb.js                        2.69 kB │ map:   8.73 kB
node_modules/.cache/nuxt/.nuxt/dist/server/_nuxt/home-styles-1.mjs-D73mcZIZ.js                         2.75 kB │ map:   5.32 kB
node_modules/.cache/nuxt/.nuxt/dist/server/_nuxt/AppTagInput-styles-1.mjs-DX-zP9oF.js                  2.81 kB │ map:   7.51 kB
node_modules/.cache/nuxt/.nuxt/dist/server/_nuxt/_id_-Ca1_7uJ7.js                                      2.82 kB │ map:   3.81 kB
node_modules/.cache/nuxt/.nuxt/dist/server/_nuxt/AppCTA-Huii-rd9.js                                    2.84 kB │ map:   3.40 kB
node_modules/.cache/nuxt/.nuxt/dist/server/_nuxt/index-7-styles-1.mjs-sU8yh1c-.js                      2.86 kB │ map:   5.62 kB
node_modules/.cache/nuxt/.nuxt/dist/server/_nuxt/useDateFormatters-GJXTUuLd.js                         2.91 kB │ map:   5.05 kB
node_modules/.cache/nuxt/.nuxt/dist/server/_nuxt/index-styles-7.mjs-C5q-mSwS.js                        2.96 kB │ map:   6.52 kB
node_modules/.cache/nuxt/.nuxt/dist/server/_nuxt/nodes-DjfvF7pd.js                                     2.97 kB │ map:   2.63 kB
node_modules/.cache/nuxt/.nuxt/dist/server/_nuxt/new-_Hys9lyp.js                                       3.05 kB │ map:   4.18 kB
node_modules/.cache/nuxt/.nuxt/dist/server/_nuxt/PDFViewer-styles-1.mjs-DlVkt2rC.js                    3.08 kB │ map:   9.98 kB
node_modules/.cache/nuxt/.nuxt/dist/server/_nuxt/entry-styles-4.mjs-DGzbBMQG.js                        3.11 kB │ map:   5.87 kB
node_modules/.cache/nuxt/.nuxt/dist/server/_nuxt/AppColorPicker-Bg5-ouLt.js                            3.12 kB │ map:   5.75 kB
node_modules/.cache/nuxt/.nuxt/dist/server/_nuxt/index-styles-6.mjs-J0DdEoPg.js                        3.22 kB │ map:   7.11 kB
node_modules/.cache/nuxt/.nuxt/dist/server/_nuxt/Stats-CMzGEqGv.js                                     3.37 kB │ map:   5.38 kB
node_modules/.cache/nuxt/.nuxt/dist/server/_nuxt/admin.store-DLKRcQFd.js                               3.39 kB │ map:   6.31 kB
node_modules/.cache/nuxt/.nuxt/dist/server/_nuxt/diagram-CInLhbiO.js                                   3.40 kB │ map:   7.40 kB
node_modules/.cache/nuxt/.nuxt/dist/server/_nuxt/Status-BznGG0Xp.js                                    3.58 kB │ map:   7.84 kB
node_modules/.cache/nuxt/.nuxt/dist/server/_nuxt/SessionCard-styles-1.mjs-CUP0ynKH.js                  3.60 kB │ map:   7.31 kB
node_modules/.cache/nuxt/.nuxt/dist/server/_nuxt/request-reset-BEj3BuxU.js                             3.63 kB │ map:   6.44 kB
node_modules/.cache/nuxt/.nuxt/dist/server/_nuxt/index-styles-3.mjs-Bwh6V4bF.js                        3.70 kB │ map:  10.26 kB
node_modules/.cache/nuxt/.nuxt/dist/server/_nuxt/useOIDC-GXHtJAnP.js                                   3.72 kB │ map:  10.30 kB
node_modules/.cache/nuxt/.nuxt/dist/server/_nuxt/CDN-styles-1.mjs-D8jGQoY_.js                          3.73 kB │ map:  14.29 kB
node_modules/.cache/nuxt/.nuxt/dist/server/_nuxt/Support-styles-1.mjs-CgoFVUUQ.js                      3.74 kB │ map:   7.04 kB
node_modules/.cache/nuxt/.nuxt/dist/server/_nuxt/MarkdownEditor-styles-8.mjs-DqAjxQbr.js               3.76 kB │ map:  12.01 kB
node_modules/.cache/nuxt/.nuxt/dist/server/_nuxt/AppBtnIcon-B8muUtJ6.js                                3.81 kB │ map:   5.98 kB
node_modules/.cache/nuxt/.nuxt/dist/server/_nuxt/dashboard-styles-18.mjs-DF1OumST.js                   3.82 kB │ map:   8.90 kB
node_modules/.cache/nuxt/.nuxt/dist/server/_nuxt/home-styles-3.mjs-2AvF95tu.js                         3.90 kB │ map:   6.31 kB
node_modules/.cache/nuxt/.nuxt/dist/server/_nuxt/public-DyMUZSkZ.js                                    3.93 kB │ map:   3.89 kB
node_modules/.cache/nuxt/.nuxt/dist/server/_nuxt/index-styles-2.mjs-xdwRz7F7.js                        4.03 kB │ map:   7.60 kB
node_modules/.cache/nuxt/.nuxt/dist/server/_nuxt/ContentCompiled-xaFTMCZE.js                           4.23 kB │ map:  13.59 kB
node_modules/.cache/nuxt/.nuxt/dist/server/_nuxt/RemoveShared-ByQhArL7.js                              4.25 kB │ map:   5.24 kB
node_modules/.cache/nuxt/.nuxt/dist/server/_nuxt/index-styles-4.mjs-nN446-hc.js                        4.37 kB │ map:   9.07 kB
node_modules/.cache/nuxt/.nuxt/dist/server/_nuxt/Column-styles-1.mjs-B6qPRXK6.js                       4.40 kB │ map:  10.64 kB
node_modules/.cache/nuxt/.nuxt/dist/server/_nuxt/AppSelect-styles-1.mjs-Dp00hlnk.js                    4.42 kB │ map:  14.28 kB
node_modules/.cache/nuxt/.nuxt/dist/server/_nuxt/AppTagInput-zXyQ1jO3.js                               4.54 kB │ map:  16.56 kB
node_modules/.cache/nuxt/.nuxt/dist/server/_nuxt/users-Dz78OkEN.js                                     4.57 kB │ map:   6.05 kB
node_modules/.cache/nuxt/.nuxt/dist/server/_nuxt/Delete-C--uJqBa.js                                    4.60 kB │ map:   6.73 kB
node_modules/.cache/nuxt/.nuxt/dist/server/_nuxt/Team-PkjSB3Js.js                                      4.63 kB │ map:   6.98 kB
node_modules/.cache/nuxt/.nuxt/dist/server/_nuxt/documents-Cpyhtj1x.js                                 4.73 kB │ map:   7.01 kB
node_modules/.cache/nuxt/.nuxt/dist/server/_nuxt/Support-CBL9lEVL.js                                   4.91 kB │ map:  14.88 kB
node_modules/.cache/nuxt/.nuxt/dist/server/_nuxt/MarkdownEditor-styles-6.mjs-j1bOp5N7.js               4.98 kB │ map:  15.29 kB
node_modules/.cache/nuxt/.nuxt/dist/server/_nuxt/AppFooter-styles-1.mjs-BbjT3cyn.js                    5.02 kB │ map:  13.61 kB
node_modules/.cache/nuxt/.nuxt/dist/server/_nuxt/reset-DqptRLho.js                                     5.18 kB │ map:  12.44 kB
node_modules/.cache/nuxt/.nuxt/dist/server/_nuxt/Inline-DpNFmLPh.js                                    5.30 kB │ map:   6.89 kB
node_modules/.cache/nuxt/.nuxt/dist/server/_nuxt/_doc_id_-Dj85Epl7.js                                  5.40 kB │ map:   9.34 kB
node_modules/.cache/nuxt/.nuxt/dist/server/_nuxt/home-styles-4.mjs-BungSPE9.js                         5.41 kB │ map:  14.62 kB
node_modules/.cache/nuxt/.nuxt/dist/server/_nuxt/privacy-c-E_kulF.js                                   5.49 kB │ map:   8.39 kB
node_modules/.cache/nuxt/.nuxt/dist/server/_nuxt/AppDrop-UW365wRM.js                                   5.54 kB │ map:  15.07 kB
node_modules/.cache/nuxt/.nuxt/dist/server/_nuxt/nodes.permissions.store-DwO77Wzu.js                   5.63 kB │ map:  10.09 kB
node_modules/.cache/nuxt/.nuxt/dist/server/_nuxt/CreateCategory-dQI3PDOA.js                            5.66 kB │ map:   7.87 kB
node_modules/.cache/nuxt/.nuxt/dist/server/_nuxt/import-BCyF6SdE.js                                    5.84 kB │ map:   7.83 kB
node_modules/.cache/nuxt/.nuxt/dist/server/_nuxt/insights-DdMBqHPg.js                                  5.85 kB │ map:   8.71 kB
node_modules/.cache/nuxt/.nuxt/dist/server/_nuxt/share-target-RyLO7PBk.js                              5.97 kB │ map:  20.47 kB
node_modules/.cache/nuxt/.nuxt/dist/server/_nuxt/teams-C2kvbamG.js                                     6.03 kB │ map:  10.18 kB
node_modules/.cache/nuxt/.nuxt/dist/server/_nuxt/Navbar-C4leB3MA.js                                    6.26 kB │ map:  10.97 kB
node_modules/.cache/nuxt/.nuxt/dist/server/_nuxt/callback-DNquK8wX.js                                  6.33 kB │ map:  10.14 kB
node_modules/.cache/nuxt/.nuxt/dist/server/_nuxt/edit-Bu5wXou5.js                                      6.36 kB │ map:  10.03 kB
node_modules/.cache/nuxt/.nuxt/dist/server/_nuxt/_id_-BVm2gxOX.js                                      6.37 kB │ map:  10.46 kB
node_modules/.cache/nuxt/.nuxt/dist/server/_nuxt/useDrawioIframe-A9Lftd5R.js                           6.49 kB │ map:  12.65 kB
node_modules/.cache/nuxt/.nuxt/dist/server/_nuxt/Importer-D8B_ZU7y.js                                  6.50 kB │ map:  13.97 kB
node_modules/.cache/nuxt/.nuxt/dist/server/_nuxt/settings-BVip72oe.js                                  6.50 kB │ map:   9.38 kB
node_modules/.cache/nuxt/.nuxt/dist/server/_nuxt/url-W0VdmmRR.js                                       6.60 kB │ map:  23.06 kB
node_modules/.cache/nuxt/.nuxt/dist/server/_nuxt/signup-BgLDDFPl.js                                    6.77 kB │ map:  17.50 kB
node_modules/.cache/nuxt/.nuxt/dist/server/_nuxt/_id_-COm7JUff.js                                      6.79 kB │ map:  10.24 kB
node_modules/.cache/nuxt/.nuxt/dist/server/_nuxt/DrawioEditor-nMcL2W6B.js                              7.29 kB │ map:  13.14 kB
node_modules/.cache/nuxt/.nuxt/dist/server/_nuxt/about-CE6z3o-D.js                                     7.43 kB │ map:  17.74 kB
node_modules/.cache/nuxt/.nuxt/dist/server/_nuxt/PDFViewer-BErEu_3y.js                                 7.59 kB │ map:  23.80 kB
node_modules/.cache/nuxt/.nuxt/dist/server/_nuxt/preview-B7_9NTed.js                                   7.90 kB │ map:  12.40 kB
node_modules/.cache/nuxt/.nuxt/dist/server/_nuxt/index-styles-1.mjs-Djsl2mGe.js                        7.91 kB │ map:  18.70 kB
node_modules/.cache/nuxt/.nuxt/dist/server/_nuxt/error-kmN4NvMu.js                                     7.96 kB │ map:  22.11 kB
node_modules/.cache/nuxt/.nuxt/dist/server/_nuxt/DataTable-CTELkZ6A.js                                 8.75 kB │ map:  23.46 kB
node_modules/.cache/nuxt/.nuxt/dist/server/_nuxt/nuxt-8MEjtmD6.js                                      8.81 kB │ map:  26.68 kB
node_modules/.cache/nuxt/.nuxt/dist/server/_nuxt/categories-CKiUZQRK.js                                8.93 kB │ map:  13.29 kB
node_modules/.cache/nuxt/.nuxt/dist/server/_nuxt/BackupCodes2FA-DBKysehK.js                            9.81 kB │ map:  15.85 kB
node_modules/.cache/nuxt/.nuxt/dist/server/_nuxt/_id_-B37xf-21.js                                      9.95 kB │ map:  20.60 kB
node_modules/.cache/nuxt/.nuxt/dist/server/_nuxt/_id_-B7TdcjqD.js                                     10.65 kB │ map:  19.00 kB
node_modules/.cache/nuxt/.nuxt/dist/server/_nuxt/AppFooter-CWZz3MBd.js                                10.78 kB │ map:  29.64 kB
node_modules/.cache/nuxt/.nuxt/dist/server/_nuxt/AppSelect-BuJ33nKN.js                                11.32 kB │ map:  36.59 kB
node_modules/.cache/nuxt/.nuxt/dist/server/_nuxt/nuxt-link-CgWXvH-C.js                                11.63 kB │ map:  25.61 kB
node_modules/.cache/nuxt/.nuxt/dist/server/_nuxt/resources-parent-D6ZGE1EZ.js                         13.76 kB │ map:  29.82 kB
node_modules/.cache/nuxt/.nuxt/dist/server/_nuxt/_id_-fPajTHyP.js                                     15.02 kB │ map:  32.04 kB
node_modules/.cache/nuxt/.nuxt/dist/server/_nuxt/ImportReport-SPpmOYBB.js                             15.56 kB │ map:  33.17 kB
node_modules/.cache/nuxt/.nuxt/dist/server/_nuxt/login-ClQkewn2.js                                    16.17 kB │ map:  39.66 kB
node_modules/.cache/nuxt/.nuxt/dist/server/_nuxt/files-DGzASuWy.js                                    16.60 kB │ map:  21.66 kB
node_modules/.cache/nuxt/.nuxt/dist/server/_nuxt/folder-CvuHmxI1.js                                   16.65 kB │ map:  21.73 kB
node_modules/.cache/nuxt/.nuxt/dist/server/_nuxt/manage-members-DOKEoEA-.js                           16.82 kB │ map:  32.40 kB
node_modules/.cache/nuxt/.nuxt/dist/server/_nuxt/CDN-DS6qTKj5.js                                      17.45 kB │ map:  36.22 kB
node_modules/.cache/nuxt/.nuxt/dist/server/_nuxt/MarkdownSyntax-DF5Rd0aS.js                           17.79 kB │ map:  30.77 kB
node_modules/.cache/nuxt/.nuxt/dist/server/_nuxt/admin-vY4uPBm1.js                                    19.32 kB │ map:  43.87 kB
node_modules/.cache/nuxt/.nuxt/dist/server/_nuxt/documentation-DAO52KHi.js                            20.10 kB │ map:  35.52 kB
node_modules/.cache/nuxt/.nuxt/dist/server/_nuxt/TagList-vcYSAyjB.js                                  23.56 kB │ map:  42.93 kB
node_modules/.cache/nuxt/.nuxt/dist/server/_nuxt/markdown-DD1eLT4f.js                                 25.55 kB │ map:  51.70 kB
node_modules/.cache/nuxt/.nuxt/dist/server/_nuxt/Error-DuVujvjF.js                                    26.38 kB │ map:  51.15 kB
node_modules/.cache/nuxt/.nuxt/dist/server/_nuxt/home-B37DJwa5.js                                     29.14 kB │ map:  78.29 kB
node_modules/.cache/nuxt/.nuxt/dist/server/_nuxt/backup-D8o18qbZ.js                                   34.06 kB │ map:  62.16 kB
node_modules/.cache/nuxt/.nuxt/dist/server/_nuxt/(public)-C1p75NQK.js                                 41.33 kB │ map: 135.92 kB
node_modules/.cache/nuxt/.nuxt/dist/server/_nuxt/ContainerView-CkNQDsTD.js                            66.05 kB │ map: 155.99 kB
node_modules/.cache/nuxt/.nuxt/dist/server/_nuxt/user.store-DSY4NTlN.js                               69.73 kB │ map: 159.36 kB
node_modules/.cache/nuxt/.nuxt/dist/server/_nuxt/dashboard-b6DFqiV6.js                                93.81 kB │ map: 204.57 kB
node_modules/.cache/nuxt/.nuxt/dist/server/_nuxt/MarkdownEditor-CBKuTtBh.js                          113.39 kB │ map: 248.60 kB
node_modules/.cache/nuxt/.nuxt/dist/server/_nuxt/settings-DJxw9iFK.js                                136.45 kB │ map: 264.12 kB
node_modules/.cache/nuxt/.nuxt/dist/server/server.mjs                                                304.39 kB │ map: 885.70 kB

[info] [32m✓ built in 8.45s[39m
[success] [nitro] Generated public .output/public

PWA v1.3.0
Building sw.ts service worker ("es" format)...
[36mvite v8.3.0 [32mbuilding client environment for production...[36m[39m
transforming...
✓ 93 modules transformed.
rendering chunks...
computing gzip size...
.output/public/sw.mjs  98.11 kB │ gzip: 25.30 kB │ map: 215.37 kB

[32m✓ built in 40ms[39m

PWA v1.3.0
mode      injectManifest
format:   es
precache  472 entries (19530.18 KiB)
files generated
  ../.output/public/sw.js
  ../.output/public/sw.js.map
[info] [nitro] Building Nuxt Nitro server (preset: `node-server`, compatibility date: `2024-07-19`)
[success] [nitro] Nuxt Nitro server built
  ├─ .output/server/chunks/_/error-500.mjs (4.74 kB) (1.99 kB gzip)
  ├─ .output/server/chunks/_/error-500.mjs.map (284 B) (207 B gzip)
  ├─ .output/server/chunks/build/_doc_id_-Dj85Epl7.mjs (4.36 kB) (1.24 kB gzip)
  ├─ .output/server/chunks/build/_doc_id_-Dj85Epl7.mjs.map (1.35 kB) (642 B gzip)
  ├─ .output/server/chunks/build/_doc_id_-styles.hH51fr7v.mjs (436 B) (257 B gzip)
  ├─ .output/server/chunks/build/_doc_id_-styles.hH51fr7v.mjs.map (231 B) (171 B gzip)
  ├─ .output/server/chunks/build/_id_-2-styles-1.mjs-jlWIlZ4F.mjs (1.48 kB) (577 B gzip)
  ├─ .output/server/chunks/build/_id_-2-styles-1.mjs-jlWIlZ4F.mjs.map (93 B) (104 B gzip)
  ├─ .output/server/chunks/build/_id_-B37xf-21.mjs (5.63 kB) (2.44 kB gzip)
  ├─ .output/server/chunks/build/_id_-B37xf-21.mjs.map (4.14 kB) (1.77 kB gzip)
  ├─ .output/server/chunks/build/_id_-B7TdcjqD.mjs (6 kB) (2.23 kB gzip)
  ├─ .output/server/chunks/build/_id_-B7TdcjqD.mjs.map (5.26 kB) (1.83 kB gzip)
  ├─ .output/server/chunks/build/_id_-BVm2gxOX.mjs (4.09 kB) (1.69 kB gzip)
  ├─ .output/server/chunks/build/_id_-BVm2gxOX.mjs.map (2.68 kB) (1.16 kB gzip)
  ├─ .output/server/chunks/build/_id_-Ca1_7uJ7.mjs (1.76 kB) (933 B gzip)
  ├─ .output/server/chunks/build/_id_-Ca1_7uJ7.mjs.map (1.36 kB) (745 B gzip)
  ├─ .output/server/chunks/build/_id_-COm7JUff.mjs (4.86 kB) (1.77 kB gzip)
  ├─ .output/server/chunks/build/_id_-COm7JUff.mjs.map (2.42 kB) (1.03 kB gzip)
  ├─ .output/server/chunks/build/_id_-DSnjW8uH.mjs (2.07 kB) (1.05 kB gzip)
  ├─ .output/server/chunks/build/_id_-DSnjW8uH.mjs.map (667 B) (413 B gzip)
  ├─ .output/server/chunks/build/_id_-fPajTHyP.mjs (8.75 kB) (3.37 kB gzip)
  ├─ .output/server/chunks/build/_id_-fPajTHyP.mjs.map (6.77 kB) (2.71 kB gzip)
  ├─ .output/server/chunks/build/_id_-styles.BSjumuuP.mjs (390 B) (268 B gzip)
  ├─ .output/server/chunks/build/_id_-styles.BSjumuuP.mjs.map (229 B) (172 B gzip)
  ├─ .output/server/chunks/build/(public)-C1p75NQK.mjs (29.8 kB) (6.66 kB gzip)
  ├─ .output/server/chunks/build/(public)-C1p75NQK.mjs.map (8.72 kB) (2.69 kB gzip)
  ├─ .output/server/chunks/build/about-CE6z3o-D.mjs (6.41 kB) (2.6 kB gzip)
  ├─ .output/server/chunks/build/about-CE6z3o-D.mjs.map (705 B) (429 B gzip)
  ├─ .output/server/chunks/build/about-styles.mUer9VjX.mjs (2.44 kB) (888 B gzip)
  ├─ .output/server/chunks/build/about-styles.mUer9VjX.mjs.map (222 B) (168 B gzip)
  ├─ .output/server/chunks/build/admin-DglJdH8f.mjs (1.01 kB) (529 B gzip)
  ├─ .output/server/chunks/build/admin-DglJdH8f.mjs.map (161 B) (151 B gzip)
  ├─ .output/server/chunks/build/admin-vY4uPBm1.mjs (12.6 kB) (4.01 kB gzip)
  ├─ .output/server/chunks/build/admin-vY4uPBm1.mjs.map (8.28 kB) (3.19 kB gzip)
  ├─ .output/server/chunks/build/admin.store-DLKRcQFd.mjs (2.08 kB) (750 B gzip)
  ├─ .output/server/chunks/build/admin.store-DLKRcQFd.mjs.map (2.76 kB) (1.14 kB gzip)
  ├─ .output/server/chunks/build/advanced-styles.DGcqwDDq.mjs (145 B) (154 B gzip)
  ├─ .output/server/chunks/build/advanced-styles.DGcqwDDq.mjs.map (231 B) (170 B gzip)
  ├─ .output/server/chunks/build/AdvancedSearchTab-styles.Dp2SiW3T.mjs (155 B) (159 B gzip)
  ├─ .output/server/chunks/build/AdvancedSearchTab-styles.Dp2SiW3T.mjs.map (268 B) (185 B gzip)
  ├─ .output/server/chunks/build/AdvancedView-styles.D9CY8IKp.mjs (694 B) (400 B gzip)
  ├─ .output/server/chunks/build/AdvancedView-styles.D9CY8IKp.mjs.map (243 B) (178 B gzip)
  ├─ .output/server/chunks/build/App-styles.CedB-iY1.mjs (137 B) (143 B gzip)
  ├─ .output/server/chunks/build/App-styles.CedB-iY1.mjs.map (225 B) (175 B gzip)
  ├─ .output/server/chunks/build/AppBtnIcon-B8muUtJ6.mjs (1.97 kB) (929 B gzip)
  ├─ .output/server/chunks/build/AppBtnIcon-B8muUtJ6.mjs.map (1.42 kB) (687 B gzip)
  ├─ .output/server/chunks/build/AppBtnIcon-styles.MtYPjY7E.mjs (1.19 kB) (513 B gzip)
  ├─ .output/server/chunks/build/AppBtnIcon-styles.MtYPjY7E.mjs.map (237 B) (176 B gzip)
  ├─ .output/server/chunks/build/AppButton-styles.Dblf95Mj.mjs (1.26 kB) (528 B gzip)
  ├─ .output/server/chunks/build/AppButton-styles.Dblf95Mj.mjs.map (234 B) (173 B gzip)
  ├─ .output/server/chunks/build/AppButton-wrn6fQiT.mjs (751 B) (487 B gzip)
  ├─ .output/server/chunks/build/AppButton-wrn6fQiT.mjs.map (310 B) (223 B gzip)
  ├─ .output/server/chunks/build/AppCheck-CbSTgQPY.mjs (1.18 kB) (684 B gzip)
  ├─ .output/server/chunks/build/AppCheck-CbSTgQPY.mjs.map (357 B) (250 B gzip)
  ├─ .output/server/chunks/build/AppCheck-styles.E1nJllqP.mjs (781 B) (404 B gzip)
  ├─ .output/server/chunks/build/AppCheck-styles.E1nJllqP.mjs.map (231 B) (173 B gzip)
  ├─ .output/server/chunks/build/AppCollapse-styles.BL4cRNoM.mjs (878 B) (440 B gzip)
  ├─ .output/server/chunks/build/AppCollapse-styles.BL4cRNoM.mjs.map (240 B) (174 B gzip)
  ├─ .output/server/chunks/build/AppColorPicker-Bg5-ouLt.mjs (1.83 kB) (836 B gzip)
  ├─ .output/server/chunks/build/AppColorPicker-Bg5-ouLt.mjs.map (1.01 kB) (506 B gzip)
  ├─ .output/server/chunks/build/AppColorPicker-styles.kM1Q4D5W.mjs (560 B) (334 B gzip)
  ├─ .output/server/chunks/build/AppColorPicker-styles.kM1Q4D5W.mjs.map (249 B) (180 B gzip)
  ├─ .output/server/chunks/build/AppCTA-Huii-rd9.mjs (1.45 kB) (790 B gzip)
  ├─ .output/server/chunks/build/AppCTA-Huii-rd9.mjs.map (958 B) (475 B gzip)
  ├─ .output/server/chunks/build/AppCTA-styles.C0jwIaOU.mjs (522 B) (323 B gzip)
  ├─ .output/server/chunks/build/AppCTA-styles.C0jwIaOU.mjs.map (225 B) (172 B gzip)
  ├─ .output/server/chunks/build/AppDotMenu-styles.BZJZEhLd.mjs (899 B) (454 B gzip)
  ├─ .output/server/chunks/build/AppDotMenu-styles.BZJZEhLd.mjs.map (237 B) (175 B gzip)
  ├─ .output/server/chunks/build/AppDrop-styles.Bom2GX9i.mjs (1.57 kB) (624 B gzip)
  ├─ .output/server/chunks/build/AppDrop-styles.Bom2GX9i.mjs.map (228 B) (173 B gzip)
  ├─ .output/server/chunks/build/AppDrop-UW365wRM.mjs (3 kB) (1.34 kB gzip)
  ├─ .output/server/chunks/build/AppDrop-UW365wRM.mjs.map (2.33 kB) (1.04 kB gzip)
  ├─ .output/server/chunks/build/AppFooter-CWZz3MBd.mjs (8.07 kB) (2.65 kB gzip)
  ├─ .output/server/chunks/build/AppFooter-CWZz3MBd.mjs.map (2.65 kB) (918 B gzip)
  ├─ .output/server/chunks/build/AppFooter-styles.CduHwAV1.mjs (4.75 kB) (1.33 kB gzip)
  ├─ .output/server/chunks/build/AppFooter-styles.CduHwAV1.mjs.map (234 B) (174 B gzip)
  ├─ .output/server/chunks/build/AppHeader-styles.vFILA_ER.mjs (144 B) (149 B gzip)
  ├─ .output/server/chunks/build/AppHeader-styles.vFILA_ER.mjs.map (244 B) (178 B gzip)
  ├─ .output/server/chunks/build/AppHint-DiTkVTcI.mjs (783 B) (499 B gzip)
  ├─ .output/server/chunks/build/AppHint-DiTkVTcI.mjs.map (343 B) (246 B gzip)
  ├─ .output/server/chunks/build/AppHint-styles.DrQ5OQCA.mjs (649 B) (408 B gzip)
  ├─ .output/server/chunks/build/AppHint-styles.DrQ5OQCA.mjs.map (228 B) (173 B gzip)
  ├─ .output/server/chunks/build/AppPreferenceInputSection-styles.CQu9m3P-.mjs (974 B) (487 B gzip)
  ├─ .output/server/chunks/build/AppPreferenceInputSection-styles.CQu9m3P-.mjs.map (282 B) (186 B gzip)
  ├─ .output/server/chunks/build/AppRadio-BY4SHxir.mjs (885 B) (559 B gzip)
  ├─ .output/server/chunks/build/AppRadio-BY4SHxir.mjs.map (489 B) (310 B gzip)
  ├─ .output/server/chunks/build/AppRadio-styles.Dv5FRDVQ.mjs (424 B) (287 B gzip)
  ├─ .output/server/chunks/build/AppRadio-styles.Dv5FRDVQ.mjs.map (231 B) (174 B gzip)
  ├─ .output/server/chunks/build/AppSelect-BuJ33nKN.mjs (6.03 kB) (2.21 kB gzip)
  ├─ .output/server/chunks/build/AppSelect-BuJ33nKN.mjs.map (4.69 kB) (1.89 kB gzip)
  ├─ .output/server/chunks/build/AppSelect-styles.C1g8lo9q.mjs (4.15 kB) (1.28 kB gzip)
  ├─ .output/server/chunks/build/AppSelect-styles.C1g8lo9q.mjs.map (234 B) (171 B gzip)
  ├─ .output/server/chunks/build/AppSelectNode-styles.CzmxYzcY.mjs (570 B) (370 B gzip)
  ├─ .output/server/chunks/build/AppSelectNode-styles.CzmxYzcY.mjs.map (246 B) (175 B gzip)
  ├─ .output/server/chunks/build/AppTagInput-styles.D0TpeOJ2.mjs (2.54 kB) (847 B gzip)
  ├─ .output/server/chunks/build/AppTagInput-styles.D0TpeOJ2.mjs.map (240 B) (175 B gzip)
  ├─ .output/server/chunks/build/AppTagInput-zXyQ1jO3.mjs (2.47 kB) (1.2 kB gzip)
  ├─ .output/server/chunks/build/AppTagInput-zXyQ1jO3.mjs.map (2.07 kB) (1.02 kB gzip)
  ├─ .output/server/chunks/build/AppToggle-6CNhVUPm.mjs (923 B) (566 B gzip)
  ├─ .output/server/chunks/build/AppToggle-6CNhVUPm.mjs.map (420 B) (292 B gzip)
  ├─ .output/server/chunks/build/AppToggle-styles.D-ftppak.mjs (742 B) (380 B gzip)
  ├─ .output/server/chunks/build/AppToggle-styles.D-ftppak.mjs.map (233 B) (173 B gzip)
  ├─ .output/server/chunks/build/Assign.modal-styles.BwgNFqCR.mjs (1.01 kB) (475 B gzip)
  ├─ .output/server/chunks/build/Assign.modal-styles.BwgNFqCR.mjs.map (243 B) (177 B gzip)
  ├─ .output/server/chunks/build/backup-D8o18qbZ.mjs (18.9 kB) (5.15 kB gzip)
  ├─ .output/server/chunks/build/backup-D8o18qbZ.mjs.map (14.8 kB) (4.89 kB gzip)
  ├─ .output/server/chunks/build/backup-styles-1.mjs-BM0o0rfa.mjs (894 B) (431 B gzip)
  ├─ .output/server/chunks/build/backup-styles-1.mjs-BM0o0rfa.mjs.map (93 B) (103 B gzip)
  ├─ .output/server/chunks/build/backup-styles-2.mjs-CCpyYzMF.mjs (781 B) (367 B gzip)
  ├─ .output/server/chunks/build/backup-styles-2.mjs-CCpyYzMF.mjs.map (93 B) (104 B gzip)
  ├─ .output/server/chunks/build/backup-styles-3.mjs-DHoG-823.mjs (1.18 kB) (501 B gzip)
  ├─ .output/server/chunks/build/backup-styles-3.mjs-DHoG-823.mjs.map (93 B) (103 B gzip)
  ├─ .output/server/chunks/build/backup-styles-4.mjs-Nz_Ikwng.mjs (241 B) (203 B gzip)
  ├─ .output/server/chunks/build/backup-styles-4.mjs-Nz_Ikwng.mjs.map (93 B) (103 B gzip)
  ├─ .output/server/chunks/build/backup-styles.BydVJ9dW.mjs (565 B) (328 B gzip)
  ├─ .output/server/chunks/build/backup-styles.BydVJ9dW.mjs.map (265 B) (185 B gzip)
  ├─ .output/server/chunks/build/BackupCodes2FA-DBKysehK.mjs (7.66 kB) (3.45 kB gzip)
  ├─ .output/server/chunks/build/BackupCodes2FA-DBKysehK.mjs.map (2.63 kB) (1.19 kB gzip)
  ├─ .output/server/chunks/build/BackupCodes2FA-styles.i5zTJn_Y.mjs (1.54 kB) (622 B gzip)
  ├─ .output/server/chunks/build/BackupCodes2FA-styles.i5zTJn_Y.mjs.map (249 B) (180 B gzip)
  ├─ .output/server/chunks/build/backups-styles.DNml4rxJ.mjs (2.17 kB) (676 B gzip)
  ├─ .output/server/chunks/build/backups-styles.DNml4rxJ.mjs.map (228 B) (170 B gzip)
  ├─ .output/server/chunks/build/BentoFeatures-styles.Cc-ATZDL.mjs (147 B) (148 B gzip)
  ├─ .output/server/chunks/build/BentoFeatures-styles.Cc-ATZDL.mjs.map (255 B) (183 B gzip)
  ├─ .output/server/chunks/build/Board-styles.C5n6RlKf.mjs (1.24 kB) (564 B gzip)
  ├─ .output/server/chunks/build/Board-styles.C5n6RlKf.mjs.map (222 B) (169 B gzip)
  ├─ .output/server/chunks/build/BreadCrumbs-styles.B3EiMfWI.mjs (150 B) (153 B gzip)
  ├─ .output/server/chunks/build/BreadCrumbs-styles.B3EiMfWI.mjs.map (250 B) (182 B gzip)
  ├─ .output/server/chunks/build/callback-DNquK8wX.mjs (3.89 kB) (1.54 kB gzip)
  ├─ .output/server/chunks/build/callback-DNquK8wX.mjs.map (2.34 kB) (958 B gzip)
  ├─ .output/server/chunks/build/callback-styles.DxifOgi5.mjs (680 B) (353 B gzip)
  ├─ .output/server/chunks/build/callback-styles.DxifOgi5.mjs.map (231 B) (171 B gzip)
  ├─ .output/server/chunks/build/Card-styles.DUseOCf3.mjs (2.43 kB) (803 B gzip)
  ├─ .output/server/chunks/build/Card-styles.DUseOCf3.mjs.map (219 B) (168 B gzip)
  ├─ .output/server/chunks/build/categories-CKiUZQRK.mjs (5.03 kB) (1.94 kB gzip)
  ├─ .output/server/chunks/build/categories-CKiUZQRK.mjs.map (3.52 kB) (1.39 kB gzip)
  ├─ .output/server/chunks/build/categories-CwYwJEGI.mjs (965 B) (501 B gzip)
  ├─ .output/server/chunks/build/categories-CwYwJEGI.mjs.map (84 B) (97 B gzip)
  ├─ .output/server/chunks/build/cdn-45wDarZb.mjs (1.6 kB) (796 B gzip)
  ├─ .output/server/chunks/build/cdn-45wDarZb.mjs.map (77 B) (90 B gzip)
  ├─ .output/server/chunks/build/CDN-DS6qTKj5.mjs (9.01 kB) (3.31 kB gzip)
  ├─ .output/server/chunks/build/CDN-DS6qTKj5.mjs.map (8.84 kB) (3.42 kB gzip)
  ├─ .output/server/chunks/build/cdn-Dy8KpAUn.mjs (944 B) (494 B gzip)
  ├─ .output/server/chunks/build/cdn-Dy8KpAUn.mjs.map (77 B) (90 B gzip)
  ├─ .output/server/chunks/build/CDN-styles.xjS5ML19.mjs (3.47 kB) (1.02 kB gzip)
  ├─ .output/server/chunks/build/CDN-styles.xjS5ML19.mjs.map (216 B) (171 B gzip)
  ├─ .output/server/chunks/build/CollapseItem-styles.DG46Qq6M.mjs (151 B) (156 B gzip)
  ├─ .output/server/chunks/build/CollapseItem-styles.DG46Qq6M.mjs.map (253 B) (183 B gzip)
  ├─ .output/server/chunks/build/ColorPickerModal-styles.B1-tTtL8.mjs (159 B) (161 B gzip)
  ├─ .output/server/chunks/build/ColorPickerModal-styles.B1-tTtL8.mjs.map (264 B) (188 B gzip)
  ├─ .output/server/chunks/build/Column-styles.DgGvXsMQ.mjs (4.14 kB) (1.14 kB gzip)
  ├─ .output/server/chunks/build/Column-styles.DgGvXsMQ.mjs.map (225 B) (171 B gzip)
  ├─ .output/server/chunks/build/composables-8-vR9026.mjs (161 B) (156 B gzip)
  ├─ .output/server/chunks/build/composables-8-vR9026.mjs.map (217 B) (183 B gzip)
  ├─ .output/server/chunks/build/ContainerView-CkNQDsTD.mjs (34.1 kB) (9.4 kB gzip)
  ├─ .output/server/chunks/build/ContainerView-CkNQDsTD.mjs.map (26.5 kB) (8.84 kB gzip)
  ├─ .output/server/chunks/build/ContainerView-styles.BvKKIi58.mjs (983 B) (488 B gzip)
  ├─ .output/server/chunks/build/ContainerView-styles.BvKKIi58.mjs.map (246 B) (177 B gzip)
  ├─ .output/server/chunks/build/ContentCompiled-styles.CzGSyhTI.mjs (136 B) (151 B gzip)
  ├─ .output/server/chunks/build/ContentCompiled-styles.CzGSyhTI.mjs.map (252 B) (177 B gzip)
  ├─ .output/server/chunks/build/ContentCompiled-xaFTMCZE.mjs (2.07 kB) (1.12 kB gzip)
  ├─ .output/server/chunks/build/ContentCompiled-xaFTMCZE.mjs.map (2.27 kB) (1.16 kB gzip)
  ├─ .output/server/chunks/build/ContextMenu-styles.B84UoABM.mjs (1.55 kB) (617 B gzip)
  ├─ .output/server/chunks/build/ContextMenu-styles.B84UoABM.mjs.map (240 B) (175 B gzip)
  ├─ .output/server/chunks/build/ContextMenuManager-styles.C28KeMEn.mjs (152 B) (154 B gzip)
  ├─ .output/server/chunks/build/ContextMenuManager-styles.C28KeMEn.mjs.map (271 B) (184 B gzip)
  ├─ .output/server/chunks/build/ContributorsMarquee-styles.DgJV_p2P.mjs (153 B) (156 B gzip)
  ├─ .output/server/chunks/build/ContributorsMarquee-styles.DgJV_p2P.mjs.map (274 B) (187 B gzip)
  ├─ .output/server/chunks/build/CreateCategory-dQI3PDOA.mjs (3.02 kB) (1.37 kB gzip)
  ├─ .output/server/chunks/build/CreateCategory-dQI3PDOA.mjs.map (2.63 kB) (1.14 kB gzip)
  ├─ .output/server/chunks/build/dashboard-b6DFqiV6.mjs (48.1 kB) (13.6 kB gzip)
  ├─ .output/server/chunks/build/dashboard-b6DFqiV6.mjs.map (38.7 kB) (13.7 kB gzip)
  ├─ .output/server/chunks/build/dashboard-D6ws64s8.mjs (408 B) (307 B gzip)
  ├─ .output/server/chunks/build/dashboard-D6ws64s8.mjs.map (83 B) (96 B gzip)
  ├─ .output/server/chunks/build/dashboard-styles-1.mjs-CvMgQIbT.mjs (548 B) (336 B gzip)
  ├─ .output/server/chunks/build/dashboard-styles-1.mjs-CvMgQIbT.mjs.map (96 B) (107 B gzip)
  ├─ .output/server/chunks/build/dashboard-styles-10.mjs-B823wDiA.mjs (296 B) (213 B gzip)
  ├─ .output/server/chunks/build/dashboard-styles-10.mjs-B823wDiA.mjs.map (97 B) (107 B gzip)
  ├─ .output/server/chunks/build/dashboard-styles-11.mjs-WNd-1Kys.mjs (334 B) (234 B gzip)
  ├─ .output/server/chunks/build/dashboard-styles-11.mjs-WNd-1Kys.mjs.map (97 B) (105 B gzip)
  ├─ .output/server/chunks/build/dashboard-styles-12.mjs-4XAVFo2c.mjs (2.33 kB) (828 B gzip)
  ├─ .output/server/chunks/build/dashboard-styles-12.mjs-4XAVFo2c.mjs.map (97 B) (108 B gzip)
  ├─ .output/server/chunks/build/dashboard-styles-13.mjs-CQSwiP0g.mjs (597 B) (357 B gzip)
  ├─ .output/server/chunks/build/dashboard-styles-13.mjs-CQSwiP0g.mjs.map (97 B) (107 B gzip)
  ├─ .output/server/chunks/build/dashboard-styles-14.mjs-DIau_OvD.mjs (2.35 kB) (1.08 kB gzip)
  ├─ .output/server/chunks/build/dashboard-styles-14.mjs-DIau_OvD.mjs.map (97 B) (107 B gzip)
  ├─ .output/server/chunks/build/dashboard-styles-15.mjs-BOXil-YC.mjs (534 B) (331 B gzip)
  ├─ .output/server/chunks/build/dashboard-styles-15.mjs-BOXil-YC.mjs.map (97 B) (107 B gzip)
  ├─ .output/server/chunks/build/dashboard-styles-16.mjs-S9-f1mln.mjs (1.86 kB) (629 B gzip)
  ├─ .output/server/chunks/build/dashboard-styles-16.mjs-S9-f1mln.mjs.map (97 B) (105 B gzip)
  ├─ .output/server/chunks/build/dashboard-styles-17.mjs-Cyc7_-ba.mjs (1.29 kB) (533 B gzip)
  ├─ .output/server/chunks/build/dashboard-styles-17.mjs-Cyc7_-ba.mjs.map (97 B) (106 B gzip)
  ├─ .output/server/chunks/build/dashboard-styles-18.mjs-DF1OumST.mjs (3.56 kB) (1.06 kB gzip)
  ├─ .output/server/chunks/build/dashboard-styles-18.mjs-DF1OumST.mjs.map (97 B) (107 B gzip)
  ├─ .output/server/chunks/build/dashboard-styles-19.mjs-NESECreN.mjs (357 B) (259 B gzip)
  ├─ .output/server/chunks/build/dashboard-styles-19.mjs-NESECreN.mjs.map (97 B) (107 B gzip)
  ├─ .output/server/chunks/build/dashboard-styles-2.mjs-dVlM9Zc1.mjs (1.48 kB) (609 B gzip)
  ├─ .output/server/chunks/build/dashboard-styles-2.mjs-dVlM9Zc1.mjs.map (96 B) (105 B gzip)
  ├─ .output/server/chunks/build/dashboard-styles-3.mjs-DCKtdLsu.mjs (168 B) (170 B gzip)
  ├─ .output/server/chunks/build/dashboard-styles-3.mjs-DCKtdLsu.mjs.map (96 B) (104 B gzip)
  ├─ .output/server/chunks/build/dashboard-styles-4.mjs-CYzQICWQ.mjs (2.38 kB) (818 B gzip)
  ├─ .output/server/chunks/build/dashboard-styles-4.mjs-CYzQICWQ.mjs.map (96 B) (106 B gzip)
  ├─ .output/server/chunks/build/dashboard-styles-5.mjs-B_qSbc1R.mjs (952 B) (457 B gzip)
  ├─ .output/server/chunks/build/dashboard-styles-5.mjs-B_qSbc1R.mjs.map (96 B) (106 B gzip)
  ├─ .output/server/chunks/build/dashboard-styles-7.mjs-4T6u9kwy.mjs (1.17 kB) (533 B gzip)
  ├─ .output/server/chunks/build/dashboard-styles-7.mjs-4T6u9kwy.mjs.map (96 B) (104 B gzip)
  ├─ .output/server/chunks/build/dashboard-styles-8.mjs-wyHRB6vZ.mjs (755 B) (379 B gzip)
  ├─ .output/server/chunks/build/dashboard-styles-8.mjs-wyHRB6vZ.mjs.map (96 B) (106 B gzip)
  ├─ .output/server/chunks/build/dashboard-styles-9.mjs-C3KClcg6.mjs (1.01 kB) (511 B gzip)
  ├─ .output/server/chunks/build/dashboard-styles-9.mjs-C3KClcg6.mjs.map (96 B) (105 B gzip)
  ├─ .output/server/chunks/build/dashboard-styles.DqAlTUTt.mjs (1.69 kB) (665 B gzip)
  ├─ .output/server/chunks/build/dashboard-styles.DqAlTUTt.mjs.map (423 B) (223 B gzip)
  ├─ .output/server/chunks/build/DataTable-CTELkZ6A.mjs (5.4 kB) (1.88 kB gzip)
  ├─ .output/server/chunks/build/DataTable-CTELkZ6A.mjs.map (4.93 kB) (2.02 kB gzip)
  ├─ .output/server/chunks/build/DataTable-styles.DL2nqBxE.mjs (2.29 kB) (738 B gzip)
  ├─ .output/server/chunks/build/DataTable-styles.DL2nqBxE.mjs.map (234 B) (172 B gzip)
  ├─ .output/server/chunks/build/Delete-C--uJqBa.mjs (2.5 kB) (1.13 kB gzip)
  ├─ .output/server/chunks/build/Delete-C--uJqBa.mjs.map (2.14 kB) (943 B gzip)
  ├─ .output/server/chunks/build/Delete-styles.CFXvPDXi.mjs (196 B) (170 B gzip)
  ├─ .output/server/chunks/build/Delete-styles.CFXvPDXi.mjs.map (225 B) (170 B gzip)
  ├─ .output/server/chunks/build/DeleteColumn.modal-styles.CYO0mvmm.mjs (224 B) (192 B gzip)
  ├─ .output/server/chunks/build/DeleteColumn.modal-styles.CYO0mvmm.mjs.map (261 B) (180 B gzip)
  ├─ .output/server/chunks/build/diagram-CInLhbiO.mjs (2.47 kB) (1.23 kB gzip)
  ├─ .output/server/chunks/build/diagram-CInLhbiO.mjs.map (1.15 kB) (644 B gzip)
  ├─ .output/server/chunks/build/diagram-styles.DckHwwKn.mjs (953 B) (454 B gzip)
  ├─ .output/server/chunks/build/diagram-styles.DckHwwKn.mjs.map (228 B) (170 B gzip)
  ├─ .output/server/chunks/build/Disable2FA-styles.DXEtOLuV.mjs (200 B) (175 B gzip)
  ├─ .output/server/chunks/build/Disable2FA-styles.DXEtOLuV.mjs.map (237 B) (176 B gzip)
  ├─ .output/server/chunks/build/Dock-styles.DZRqEBwJ.mjs (142 B) (148 B gzip)
  ├─ .output/server/chunks/build/Dock-styles.DZRqEBwJ.mjs.map (229 B) (176 B gzip)
  ├─ .output/server/chunks/build/docs-BcKnKnk0.mjs (2.08 kB) (1.05 kB gzip)
  ├─ .output/server/chunks/build/docs-BcKnKnk0.mjs.map (644 B) (414 B gzip)
  ├─ .output/server/chunks/build/docs-DIIRdieI.mjs (947 B) (492 B gzip)
  ├─ .output/server/chunks/build/docs-DIIRdieI.mjs.map (78 B) (91 B gzip)
  ├─ .output/server/chunks/build/documentation-DAO52KHi.mjs (19.8 kB) (5.47 kB gzip)
  ├─ .output/server/chunks/build/documentation-DAO52KHi.mjs.map (300 B) (218 B gzip)
  ├─ .output/server/chunks/build/documentation-styles.Bt3V6U-D.mjs (249 B) (219 B gzip)
  ├─ .output/server/chunks/build/documentation-styles.Bt3V6U-D.mjs.map (245 B) (177 B gzip)
  ├─ .output/server/chunks/build/documents-Cpyhtj1x.mjs (2.95 kB) (1.4 kB gzip)
  ├─ .output/server/chunks/build/documents-Cpyhtj1x.mjs.map (2.38 kB) (1.12 kB gzip)
  ├─ .output/server/chunks/build/done-DbZo9e-_.mjs (1.71 kB) (865 B gzip)
  ├─ .output/server/chunks/build/done-DbZo9e-_.mjs.map (734 B) (420 B gzip)
  ├─ .output/server/chunks/build/done-styles.hK727wgn.mjs (519 B) (340 B gzip)
  ├─ .output/server/chunks/build/done-styles.hK727wgn.mjs.map (219 B) (167 B gzip)
  ├─ .output/server/chunks/build/DrawioEditor-nMcL2W6B.mjs (3.76 kB) (1.56 kB gzip)
  ├─ .output/server/chunks/build/DrawioEditor-nMcL2W6B.mjs.map (2.51 kB) (1.08 kB gzip)
  ├─ .output/server/chunks/build/DrawioEditor-styles.Df3MgGMq.mjs (878 B) (440 B gzip)
  ├─ .output/server/chunks/build/DrawioEditor-styles.Df3MgGMq.mjs.map (243 B) (175 B gzip)
  ├─ .output/server/chunks/build/DrawioSidebar-styles.CDLPNJys.mjs (156 B) (157 B gzip)
  ├─ .output/server/chunks/build/DrawioSidebar-styles.CDLPNJys.mjs.map (256 B) (183 B gzip)
  ├─ .output/server/chunks/build/edit-Bu5wXou5.mjs (3.94 kB) (1.63 kB gzip)
  ├─ .output/server/chunks/build/edit-Bu5wXou5.mjs.map (2.56 kB) (1.15 kB gzip)
  ├─ .output/server/chunks/build/edit-styles.2fge7dzf.mjs (241 B) (194 B gzip)
  ├─ .output/server/chunks/build/edit-styles.2fge7dzf.mjs.map (219 B) (166 B gzip)
  ├─ .output/server/chunks/build/edit-tHCeflO3.mjs (1.35 kB) (712 B gzip)
  ├─ .output/server/chunks/build/edit-tHCeflO3.mjs.map (725 B) (438 B gzip)
  ├─ .output/server/chunks/build/EditorAppHeader-styles.CmxRdW3D.mjs (1.01 kB) (505 B gzip)
  ├─ .output/server/chunks/build/EditorAppHeader-styles.CmxRdW3D.mjs.map (252 B) (179 B gzip)
  ├─ .output/server/chunks/build/EditorPreferences-styles.D8mfAZ5f.mjs (160 B) (157 B gzip)
  ├─ .output/server/chunks/build/EditorPreferences-styles.D8mfAZ5f.mjs.map (268 B) (185 B gzip)
  ├─ .output/server/chunks/build/entry-styles-1.mjs-F7kUkH5n.mjs (670 B) (319 B gzip)
  ├─ .output/server/chunks/build/entry-styles-1.mjs-F7kUkH5n.mjs.map (92 B) (103 B gzip)
  ├─ .output/server/chunks/build/entry-styles-2.mjs-l7jpkuzP.mjs (2.02 kB) (680 B gzip)
  ├─ .output/server/chunks/build/entry-styles-2.mjs-l7jpkuzP.mjs.map (92 B) (102 B gzip)
  ├─ .output/server/chunks/build/entry-styles-3.mjs-DZQjgBtd.mjs (2.06 kB) (707 B gzip)
  ├─ .output/server/chunks/build/entry-styles-3.mjs-DZQjgBtd.mjs.map (92 B) (103 B gzip)
  ├─ .output/server/chunks/build/entry-styles-4.mjs-DGzbBMQG.mjs (2.83 kB) (942 B gzip)
  ├─ .output/server/chunks/build/entry-styles-4.mjs-DGzbBMQG.mjs.map (92 B) (103 B gzip)
  ├─ .output/server/chunks/build/entry-styles-5.mjs-WdJOz2_4.mjs (2.19 kB) (921 B gzip)
  ├─ .output/server/chunks/build/entry-styles-5.mjs-WdJOz2_4.mjs.map (92 B) (103 B gzip)
  ├─ .output/server/chunks/build/entry-styles-6.mjs-DFFs_QYl.mjs (204 B) (185 B gzip)
  ├─ .output/server/chunks/build/entry-styles-6.mjs-DFFs_QYl.mjs.map (92 B) (103 B gzip)
  ├─ .output/server/chunks/build/entry-styles-7.mjs-DtBLRjnG.mjs (989 B) (466 B gzip)
  ├─ .output/server/chunks/build/entry-styles-7.mjs-DtBLRjnG.mjs.map (92 B) (103 B gzip)
  ├─ .output/server/chunks/build/entry-styles.C7FWD2U5.mjs (475 B) (253 B gzip)
  ├─ .output/server/chunks/build/entry-styles.C7FWD2U5.mjs.map (292 B) (192 B gzip)
  ├─ .output/server/chunks/build/Error-DuVujvjF.mjs (13.9 kB) (4.33 kB gzip)
  ├─ .output/server/chunks/build/Error-DuVujvjF.mjs.map (9.52 kB) (3.56 kB gzip)
  ├─ .output/server/chunks/build/Error-styles.BGgedLpb.mjs (940 B) (446 B gzip)
  ├─ .output/server/chunks/build/Error-styles.BGgedLpb.mjs.map (222 B) (168 B gzip)
  ├─ .output/server/chunks/build/error-styles.C1Rh7fVk.mjs (139 B) (144 B gzip)
  ├─ .output/server/chunks/build/error-styles.C1Rh7fVk.mjs.map (232 B) (175 B gzip)
  ├─ .output/server/chunks/build/FeaturesFAQ-styles.upZt1xhk.mjs (145 B) (150 B gzip)
  ├─ .output/server/chunks/build/FeaturesFAQ-styles.upZt1xhk.mjs.map (250 B) (180 B gzip)
  ├─ .output/server/chunks/build/FeaturesShowcase-styles.COwm9Bkl.mjs (150 B) (154 B gzip)
  ├─ .output/server/chunks/build/FeaturesShowcase-styles.COwm9Bkl.mjs.map (265 B) (185 B gzip)
  ├─ .output/server/chunks/build/FileInline-DFech3T8.mjs (1.22 kB) (644 B gzip)
  ├─ .output/server/chunks/build/FileInline-DFech3T8.mjs.map (705 B) (398 B gzip)
  ├─ .output/server/chunks/build/FileInline-styles.CyqE9km8.mjs (955 B) (446 B gzip)
  ├─ .output/server/chunks/build/FileInline-styles.CyqE9km8.mjs.map (237 B) (174 B gzip)
  ├─ .output/server/chunks/build/files-DGzASuWy.mjs (10.5 kB) (2.89 kB gzip)
  ├─ .output/server/chunks/build/files-DGzASuWy.mjs.map (7.63 kB) (2.47 kB gzip)
  ├─ .output/server/chunks/build/files-styles.EUzARpGZ.mjs (558 B) (335 B gzip)
  ├─ .output/server/chunks/build/files-styles.EUzARpGZ.mjs.map (222 B) (169 B gzip)
  ├─ .output/server/chunks/build/Filter-styles.Dfe-fPRh.mjs (1.26 kB) (540 B gzip)
  ├─ .output/server/chunks/build/Filter-styles.Dfe-fPRh.mjs.map (224 B) (172 B gzip)
  ├─ .output/server/chunks/build/folder-CvuHmxI1.mjs (10.5 kB) (2.91 kB gzip)
  ├─ .output/server/chunks/build/folder-CvuHmxI1.mjs.map (7.65 kB) (2.47 kB gzip)
  ├─ .output/server/chunks/build/folder-styles.Cf2HUHqG.mjs (559 B) (337 B gzip)
  ├─ .output/server/chunks/build/folder-styles.Cf2HUHqG.mjs.map (225 B) (171 B gzip)
  ├─ .output/server/chunks/build/Footer-styles.BruMNioO.mjs (141 B) (146 B gzip)
  ├─ .output/server/chunks/build/Footer-styles.BruMNioO.mjs.map (235 B) (175 B gzip)
  ├─ .output/server/chunks/build/GridOrganizationModal-styles.BicGHd5A.mjs (164 B) (164 B gzip)
  ├─ .output/server/chunks/build/GridOrganizationModal-styles.BicGHd5A.mjs.map (280 B) (189 B gzip)
  ├─ .output/server/chunks/build/Header-styles.DblQxd5L.mjs (1.67 kB) (677 B gzip)
  ├─ .output/server/chunks/build/Header-styles.DblQxd5L.mjs.map (225 B) (170 B gzip)
  ├─ .output/server/chunks/build/HeaderActionRow-styles.Bfp9eexy.mjs (157 B) (160 B gzip)
  ├─ .output/server/chunks/build/HeaderActionRow-styles.Bfp9eexy.mjs.map (252 B) (178 B gzip)
  ├─ .output/server/chunks/build/HeaderSkeleton-styles.DkZYpgeQ.mjs (756 B) (399 B gzip)
  ├─ .output/server/chunks/build/HeaderSkeleton-styles.DkZYpgeQ.mjs.map (249 B) (177 B gzip)
  ├─ .output/server/chunks/build/home-B37DJwa5.mjs (15.9 kB) (4.59 kB gzip)
  ├─ .output/server/chunks/build/home-B37DJwa5.mjs.map (10.4 kB) (3.78 kB gzip)
  ├─ .output/server/chunks/build/home-styles-1.mjs-D73mcZIZ.mjs (2.49 kB) (935 B gzip)
  ├─ .output/server/chunks/build/home-styles-1.mjs-D73mcZIZ.mjs.map (91 B) (102 B gzip)
  ├─ .output/server/chunks/build/home-styles-2.mjs-DlS40lmX.mjs (2.13 kB) (751 B gzip)
  ├─ .output/server/chunks/build/home-styles-2.mjs-DlS40lmX.mjs.map (91 B) (102 B gzip)
  ├─ .output/server/chunks/build/home-styles-3.mjs-2AvF95tu.mjs (3.62 kB) (1.14 kB gzip)
  ├─ .output/server/chunks/build/home-styles-3.mjs-2AvF95tu.mjs.map (91 B) (102 B gzip)
  ├─ .output/server/chunks/build/home-styles.QYTo4uaL.mjs (5.32 kB) (1.42 kB gzip)
  ├─ .output/server/chunks/build/home-styles.QYTo4uaL.mjs.map (249 B) (179 B gzip)
  ├─ .output/server/chunks/build/i18n.config-C_wclOpt.mjs (164 B) (148 B gzip)
  ├─ .output/server/chunks/build/i18n.config-C_wclOpt.mjs.map (230 B) (185 B gzip)
  ├─ .output/server/chunks/build/Icon-styles.Bc3eLCDQ.mjs (138 B) (144 B gzip)
  ├─ .output/server/chunks/build/Icon-styles.Bc3eLCDQ.mjs.map (229 B) (174 B gzip)
  ├─ .output/server/chunks/build/IconApp-3n60CRhr.mjs (1.09 kB) (711 B gzip)
  ├─ .output/server/chunks/build/IconApp-3n60CRhr.mjs.map (297 B) (233 B gzip)
  ├─ .output/server/chunks/build/ImageSelectorModal-styles.D_qMqeIo.mjs (161 B) (159 B gzip)
  ├─ .output/server/chunks/build/ImageSelectorModal-styles.D_qMqeIo.mjs.map (271 B) (184 B gzip)
  ├─ .output/server/chunks/build/import-BCyF6SdE.mjs (3.72 kB) (1.21 kB gzip)
  ├─ .output/server/chunks/build/import-BCyF6SdE.mjs.map (2.09 kB) (686 B gzip)
  ├─ .output/server/chunks/build/ImportActions-styles.DAdGVYfB.mjs (148 B) (151 B gzip)
  ├─ .output/server/chunks/build/ImportActions-styles.DAdGVYfB.mjs.map (256 B) (183 B gzip)
  ├─ .output/server/chunks/build/Importer-D8B_ZU7y.mjs (3.84 kB) (1.54 kB gzip)
  ├─ .output/server/chunks/build/Importer-D8B_ZU7y.mjs.map (4.12 kB) (1.74 kB gzip)
  ├─ .output/server/chunks/build/ImportHeader-styles.BWESTWSG.mjs (147 B) (150 B gzip)
  ├─ .output/server/chunks/build/ImportHeader-styles.BWESTWSG.mjs.map (253 B) (182 B gzip)
  ├─ .output/server/chunks/build/ImportReport-SPpmOYBB.mjs (8.79 kB) (3.05 kB gzip)
  ├─ .output/server/chunks/build/ImportReport-SPpmOYBB.mjs.map (8.45 kB) (3.31 kB gzip)
  ├─ .output/server/chunks/build/ImportReport-styles.5stK_J8J.mjs (1.87 kB) (621 B gzip)
  ├─ .output/server/chunks/build/ImportReport-styles.5stK_J8J.mjs.map (243 B) (173 B gzip)
  ├─ .output/server/chunks/build/ImportSummary-styles.BhX6Jug9.mjs (148 B) (151 B gzip)
  ├─ .output/server/chunks/build/ImportSummary-styles.BhX6Jug9.mjs.map (256 B) (183 B gzip)
  ├─ .output/server/chunks/build/ImportTabs-styles.DNowxfg7.mjs (145 B) (147 B gzip)
  ├─ .output/server/chunks/build/ImportTabs-styles.DNowxfg7.mjs.map (247 B) (180 B gzip)
  ├─ .output/server/chunks/build/index-15-styles-1.mjs-B3hdFWmA.mjs (1.86 kB) (699 B gzip)
  ├─ .output/server/chunks/build/index-15-styles-1.mjs-B3hdFWmA.mjs.map (95 B) (106 B gzip)
  ├─ .output/server/chunks/build/index-16-styles-1.mjs-CnXjBm--.mjs (887 B) (425 B gzip)
  ├─ .output/server/chunks/build/index-16-styles-1.mjs-CnXjBm--.mjs.map (95 B) (104 B gzip)
  ├─ .output/server/chunks/build/index-5-styles-1.mjs-fGE7IyYI.mjs (1.6 kB) (695 B gzip)
  ├─ .output/server/chunks/build/index-5-styles-1.mjs-fGE7IyYI.mjs.map (94 B) (105 B gzip)
  ├─ .output/server/chunks/build/index-5-styles-2.mjs-CXsTZsis.mjs (2.37 kB) (757 B gzip)
  ├─ .output/server/chunks/build/index-5-styles-2.mjs-CXsTZsis.mjs.map (94 B) (103 B gzip)
  ├─ .output/server/chunks/build/index-5-styles-3.mjs-B__NJvsd.mjs (716 B) (391 B gzip)
  ├─ .output/server/chunks/build/index-5-styles-3.mjs-B__NJvsd.mjs.map (94 B) (105 B gzip)
  ├─ .output/server/chunks/build/index-5-styles-4.mjs-DN84FV8g.mjs (893 B) (436 B gzip)
  ├─ .output/server/chunks/build/index-5-styles-4.mjs-DN84FV8g.mjs.map (94 B) (105 B gzip)
  ├─ .output/server/chunks/build/index-7-styles-1.mjs-sU8yh1c-.mjs (2.6 kB) (837 B gzip)
  ├─ .output/server/chunks/build/index-7-styles-1.mjs-sU8yh1c-.mjs.map (94 B) (103 B gzip)
  ├─ .output/server/chunks/build/index-7-styles-2.mjs-CgmeObyn.mjs (1.03 kB) (449 B gzip)
  ├─ .output/server/chunks/build/index-7-styles-2.mjs-CgmeObyn.mjs.map (94 B) (105 B gzip)
  ├─ .output/server/chunks/build/index-styles-1.mjs-Djsl2mGe.mjs (7.61 kB) (1.71 kB gzip)
  ├─ .output/server/chunks/build/index-styles-1.mjs-Djsl2mGe.mjs.map (92 B) (101 B gzip)
  ├─ .output/server/chunks/build/index-styles-10.CB-K9cfN.mjs (497 B) (342 B gzip)
  ├─ .output/server/chunks/build/index-styles-10.CB-K9cfN.mjs.map (239 B) (180 B gzip)
  ├─ .output/server/chunks/build/index-styles-11.DIRkOmqW.mjs (1.7 kB) (732 B gzip)
  ├─ .output/server/chunks/build/index-styles-11.DIRkOmqW.mjs.map (230 B) (175 B gzip)
  ├─ .output/server/chunks/build/index-styles-12.Qii5EVlV.mjs (146 B) (149 B gzip)
  ├─ .output/server/chunks/build/index-styles-12.Qii5EVlV.mjs.map (240 B) (179 B gzip)
  ├─ .output/server/chunks/build/index-styles-2.7eibMYwH.mjs (1.1 kB) (529 B gzip)
  ├─ .output/server/chunks/build/index-styles-2.7eibMYwH.mjs.map (227 B) (173 B gzip)
  ├─ .output/server/chunks/build/index-styles-2.mjs-xdwRz7F7.mjs (3.73 kB) (1.17 kB gzip)
  ├─ .output/server/chunks/build/index-styles-2.mjs-xdwRz7F7.mjs.map (92 B) (103 B gzip)
  ├─ .output/server/chunks/build/index-styles-3.BdXmiOQJ.mjs (571 B) (348 B gzip)
  ├─ .output/server/chunks/build/index-styles-3.BdXmiOQJ.mjs.map (267 B) (185 B gzip)
  ├─ .output/server/chunks/build/index-styles-3.mjs-Bwh6V4bF.mjs (3.39 kB) (1.02 kB gzip)
  ├─ .output/server/chunks/build/index-styles-3.mjs-Bwh6V4bF.mjs.map (92 B) (103 B gzip)
  ├─ .output/server/chunks/build/index-styles-4.DEijPO8W.mjs (2.25 kB) (752 B gzip)
  ├─ .output/server/chunks/build/index-styles-4.DEijPO8W.mjs.map (227 B) (174 B gzip)
  ├─ .output/server/chunks/build/index-styles-4.mjs-nN446-hc.mjs (4.07 kB) (1.27 kB gzip)
  ├─ .output/server/chunks/build/index-styles-4.mjs-nN446-hc.mjs.map (92 B) (102 B gzip)
  ├─ .output/server/chunks/build/index-styles-5.DROszfWh.mjs (672 B) (394 B gzip)
  ├─ .output/server/chunks/build/index-styles-5.DROszfWh.mjs.map (247 B) (182 B gzip)
  ├─ .output/server/chunks/build/index-styles-5.mjs-BLDnyPDO.mjs (2.15 kB) (729 B gzip)
  ├─ .output/server/chunks/build/index-styles-5.mjs-BLDnyPDO.mjs.map (92 B) (103 B gzip)
  ├─ .output/server/chunks/build/index-styles-6.DBcc9XxA.mjs (573 B) (278 B gzip)
  ├─ .output/server/chunks/build/index-styles-6.DBcc9XxA.mjs.map (227 B) (172 B gzip)
  ├─ .output/server/chunks/build/index-styles-6.mjs-J0DdEoPg.mjs (2.92 kB) (1.01 kB gzip)
  ├─ .output/server/chunks/build/index-styles-6.mjs-J0DdEoPg.mjs.map (92 B) (103 B gzip)
  ├─ .output/server/chunks/build/index-styles-7.BAg-_fK1.mjs (310 B) (237 B gzip)
  ├─ .output/server/chunks/build/index-styles-7.BAg-_fK1.mjs.map (226 B) (174 B gzip)
  ├─ .output/server/chunks/build/index-styles-8.6Btex1MA.mjs (1.84 kB) (763 B gzip)
  ├─ .output/server/chunks/build/index-styles-8.6Btex1MA.mjs.map (227 B) (171 B gzip)
  ├─ .output/server/chunks/build/index-styles-9.mqhtoprE.mjs (2.18 kB) (739 B gzip)
  ├─ .output/server/chunks/build/index-styles-9.mqhtoprE.mjs.map (237 B) (175 B gzip)
  ├─ .output/server/chunks/build/index-styles.hMgsXD7e.mjs (3.04 kB) (1.14 kB gzip)
  ├─ .output/server/chunks/build/index-styles.hMgsXD7e.mjs.map (282 B) (186 B gzip)
  ├─ .output/server/chunks/build/Inline-DpNFmLPh.mjs (2.71 kB) (1.24 kB gzip)
  ├─ .output/server/chunks/build/Inline-DpNFmLPh.mjs.map (2.37 kB) (1.04 kB gzip)
  ├─ .output/server/chunks/build/Inline-styles-2.DFyRByiP.mjs (762 B) (406 B gzip)
  ├─ .output/server/chunks/build/Inline-styles-2.DFyRByiP.mjs.map (230 B) (174 B gzip)
  ├─ .output/server/chunks/build/Inline-styles.BSjgFd_6.mjs (1.52 kB) (597 B gzip)
  ├─ .output/server/chunks/build/Inline-styles.BSjgFd_6.mjs.map (225 B) (170 B gzip)
  ├─ .output/server/chunks/build/insights-DdMBqHPg.mjs (3.5 kB) (1.7 kB gzip)
  ├─ .output/server/chunks/build/insights-DdMBqHPg.mjs.map (2.49 kB) (1.17 kB gzip)
  ├─ .output/server/chunks/build/insights-styles.Cbru7i2F.mjs (354 B) (282 B gzip)
  ├─ .output/server/chunks/build/insights-styles.Cbru7i2F.mjs.map (231 B) (171 B gzip)
  ├─ .output/server/chunks/build/Item-styles.F3GLcESL.mjs (140 B) (145 B gzip)
  ├─ .output/server/chunks/build/Item-styles.F3GLcESL.mjs.map (229 B) (173 B gzip)
  ├─ .output/server/chunks/build/Join-styles.kKt4exT_.mjs (1.04 kB) (466 B gzip)
  ├─ .output/server/chunks/build/Join-styles.kKt4exT_.mjs.map (219 B) (167 B gzip)
  ├─ .output/server/chunks/build/join-workspace-BIzpaWGx.mjs (986 B) (519 B gzip)
  ├─ .output/server/chunks/build/join-workspace-BIzpaWGx.mjs.map (157 B) (143 B gzip)
  ├─ .output/server/chunks/build/KanbanColumnFilter-styles.CjC73cMe.mjs (1.17 kB) (523 B gzip)
  ├─ .output/server/chunks/build/KanbanColumnFilter-styles.CjC73cMe.mjs.map (261 B) (180 B gzip)
  ├─ .output/server/chunks/build/Level-styles.Cc8q8nLw.mjs (241 B) (191 B gzip)
  ├─ .output/server/chunks/build/Level-styles.Cc8q8nLw.mjs.map (222 B) (167 B gzip)
  ├─ .output/server/chunks/build/Loader-9KGNKfFu.mjs (514 B) (372 B gzip)
  ├─ .output/server/chunks/build/Loader-9KGNKfFu.mjs.map (218 B) (181 B gzip)
  ├─ .output/server/chunks/build/Loader-styles.DIadKP9f.mjs (582 B) (305 B gzip)
  ├─ .output/server/chunks/build/Loader-styles.DIadKP9f.mjs.map (225 B) (170 B gzip)
  ├─ .output/server/chunks/build/LoaderSpinner-C5IrOEaB.mjs (544 B) (381 B gzip)
  ├─ .output/server/chunks/build/LoaderSpinner-C5IrOEaB.mjs.map (234 B) (187 B gzip)
  ├─ .output/server/chunks/build/LoaderSpinner-styles.BPCw0eGF.mjs (366 B) (278 B gzip)
  ├─ .output/server/chunks/build/LoaderSpinner-styles.BPCw0eGF.mjs.map (246 B) (176 B gzip)
  ├─ .output/server/chunks/build/login-ClQkewn2.mjs (8.63 kB) (2.94 kB gzip)
  ├─ .output/server/chunks/build/login-ClQkewn2.mjs.map (5.8 kB) (2.17 kB gzip)
  ├─ .output/server/chunks/build/Login2FA-styles.CYRkI9_m.mjs (144 B) (150 B gzip)
  ├─ .output/server/chunks/build/Login2FA-styles.CYRkI9_m.mjs.map (241 B) (179 B gzip)
  ├─ .output/server/chunks/build/Login2FAEnable-styles.SPQDHpbw.mjs (150 B) (156 B gzip)
  ├─ .output/server/chunks/build/Login2FAEnable-styles.SPQDHpbw.mjs.map (259 B) (185 B gzip)
  ├─ .output/server/chunks/build/LoginBase-styles.DdvvpEkM.mjs (145 B) (149 B gzip)
  ├─ .output/server/chunks/build/LoginBase-styles.DdvvpEkM.mjs.map (244 B) (177 B gzip)
  ├─ .output/server/chunks/build/manage-members-DOKEoEA-.mjs (9.24 kB) (3.21 kB gzip)
  ├─ .output/server/chunks/build/manage-members-DOKEoEA-.mjs.map (8.59 kB) (3.19 kB gzip)
  ├─ .output/server/chunks/build/manage-members-styles.jwXSIbnW.mjs (1.95 kB) (681 B gzip)
  ├─ .output/server/chunks/build/manage-members-styles.jwXSIbnW.mjs.map (248 B) (178 B gzip)
  ├─ .output/server/chunks/build/markdown-DD1eLT4f.mjs (14.4 kB) (5.16 kB gzip)
  ├─ .output/server/chunks/build/markdown-DD1eLT4f.mjs.map (18.3 kB) (6.37 kB gzip)
  ├─ .output/server/chunks/build/MarkdownEditor-CBKuTtBh.mjs (68.3 kB) (18.2 kB gzip)
  ├─ .output/server/chunks/build/MarkdownEditor-CBKuTtBh.mjs.map (61.9 kB) (19 kB gzip)
  ├─ .output/server/chunks/build/MarkdownEditor-styles-1.mjs-HjFdKeHI.mjs (1.34 kB) (605 B gzip)
  ├─ .output/server/chunks/build/MarkdownEditor-styles-1.mjs-HjFdKeHI.mjs.map (101 B) (111 B gzip)
  ├─ .output/server/chunks/build/MarkdownEditor-styles-2.mjs-sCdOH0Zo.mjs (1.45 kB) (570 B gzip)
  ├─ .output/server/chunks/build/MarkdownEditor-styles-2.mjs-sCdOH0Zo.mjs.map (101 B) (112 B gzip)
  ├─ .output/server/chunks/build/MarkdownEditor-styles-3.mjs-DB8yAT02.mjs (1.01 kB) (448 B gzip)
  ├─ .output/server/chunks/build/MarkdownEditor-styles-3.mjs-DB8yAT02.mjs.map (101 B) (111 B gzip)
  ├─ .output/server/chunks/build/MarkdownEditor-styles-4.mjs-DS32veSj.mjs (509 B) (338 B gzip)
  ├─ .output/server/chunks/build/MarkdownEditor-styles-4.mjs-DS32veSj.mjs.map (101 B) (110 B gzip)
  ├─ .output/server/chunks/build/MarkdownEditor-styles-5.mjs-DtM0guao.mjs (453 B) (278 B gzip)
  ├─ .output/server/chunks/build/MarkdownEditor-styles-5.mjs-DtM0guao.mjs.map (101 B) (109 B gzip)
  ├─ .output/server/chunks/build/MarkdownEditor-styles-6.mjs-j1bOp5N7.mjs (4.69 kB) (1.23 kB gzip)
  ├─ .output/server/chunks/build/MarkdownEditor-styles-6.mjs-j1bOp5N7.mjs.map (101 B) (111 B gzip)
  ├─ .output/server/chunks/build/MarkdownEditor-styles-7.mjs-DnGCsV8B.mjs (905 B) (464 B gzip)
  ├─ .output/server/chunks/build/MarkdownEditor-styles-7.mjs-DnGCsV8B.mjs.map (101 B) (112 B gzip)
  ├─ .output/server/chunks/build/MarkdownEditor-styles.DMGEAMR8.mjs (3.92 kB) (1.11 kB gzip)
  ├─ .output/server/chunks/build/MarkdownEditor-styles.DMGEAMR8.mjs.map (319 B) (199 B gzip)
  ├─ .output/server/chunks/build/MarkdownSyntax-DF5Rd0aS.mjs (15.7 kB) (3.72 kB gzip)
  ├─ .output/server/chunks/build/MarkdownSyntax-DF5Rd0aS.mjs.map (1.98 kB) (727 B gzip)
  ├─ .output/server/chunks/build/MarkdownSyntax-styles.7FrZiXRq.mjs (1.47 kB) (594 B gzip)
  ├─ .output/server/chunks/build/MarkdownSyntax-styles.7FrZiXRq.mjs.map (249 B) (179 B gzip)
  ├─ .output/server/chunks/build/MediumView-styles.DvD-AVHc.mjs (149 B) (153 B gzip)
  ├─ .output/server/chunks/build/MediumView-styles.DvD-AVHc.mjs.map (246 B) (182 B gzip)
  ├─ .output/server/chunks/build/Metadata-styles.D-la_LUG.mjs (502 B) (324 B gzip)
  ├─ .output/server/chunks/build/Metadata-styles.D-la_LUG.mjs.map (230 B) (172 B gzip)
  ├─ .output/server/chunks/build/ModalManager-styles.C64PmJMw.mjs (146 B) (148 B gzip)
  ├─ .output/server/chunks/build/ModalManager-styles.C64PmJMw.mjs.map (253 B) (181 B gzip)
  ├─ .output/server/chunks/build/Navbar-C4leB3MA.mjs (3.08 kB) (983 B gzip)
  ├─ .output/server/chunks/build/Navbar-C4leB3MA.mjs.map (2.54 kB) (704 B gzip)
  ├─ .output/server/chunks/build/Navbar-styles-2.CZSGs3sN.mjs (147 B) (151 B gzip)
  ├─ .output/server/chunks/build/Navbar-styles-2.CZSGs3sN.mjs.map (240 B) (179 B gzip)
  ├─ .output/server/chunks/build/Navbar-styles.BLKT93Ko.mjs (1.31 kB) (542 B gzip)
  ├─ .output/server/chunks/build/Navbar-styles.BLKT93Ko.mjs.map (225 B) (171 B gzip)
  ├─ .output/server/chunks/build/NavbarRouter-styles.BlYrRvO7.mjs (151 B) (153 B gzip)
  ├─ .output/server/chunks/build/NavbarRouter-styles.BlYrRvO7.mjs.map (253 B) (181 B gzip)
  ├─ .output/server/chunks/build/new-_Hys9lyp.mjs (1.93 kB) (1.03 kB gzip)
  ├─ .output/server/chunks/build/new-_Hys9lyp.mjs.map (1.46 kB) (800 B gzip)
  ├─ .output/server/chunks/build/NoContent-BKCFOs3H.mjs (1.02 kB) (614 B gzip)
  ├─ .output/server/chunks/build/NoContent-BKCFOs3H.mjs.map (480 B) (310 B gzip)
  ├─ .output/server/chunks/build/NoContent-styles.Bu_lOhbx.mjs (219 B) (189 B gzip)
  ├─ .output/server/chunks/build/NoContent-styles.Bu_lOhbx.mjs.map (234 B) (171 B gzip)
  ├─ .output/server/chunks/build/NodeCard-styles.DKcUmknx.mjs (1.72 kB) (657 B gzip)
  ├─ .output/server/chunks/build/NodeCard-styles.DKcUmknx.mjs.map (231 B) (171 B gzip)
  ├─ .output/server/chunks/build/nodes-DjfvF7pd.mjs (2.48 kB) (1.26 kB gzip)
  ├─ .output/server/chunks/build/nodes-DjfvF7pd.mjs.map (1.13 kB) (600 B gzip)
  ├─ .output/server/chunks/build/nodes.permissions.store-DwO77Wzu.mjs (3.32 kB) (1.11 kB gzip)
  ├─ .output/server/chunks/build/nodes.permissions.store-DwO77Wzu.mjs.map (4.31 kB) (1.7 kB gzip)
  ├─ .output/server/chunks/build/NodeTree-styles.D-07c5T3.mjs (144 B) (148 B gzip)
  ├─ .output/server/chunks/build/NodeTree-styles.D-07c5T3.mjs.map (240 B) (178 B gzip)
  ├─ .output/server/chunks/build/Notification-styles.QggnRIdo.mjs (146 B) (149 B gzip)
  ├─ .output/server/chunks/build/Notification-styles.QggnRIdo.mjs.map (253 B) (179 B gzip)
  ├─ .output/server/chunks/build/NuxtLinkLocale-CU11ThGx.mjs (755 B) (450 B gzip)
  ├─ .output/server/chunks/build/NuxtLinkLocale-CU11ThGx.mjs.map (552 B) (339 B gzip)
  ├─ .output/server/chunks/build/OIDCProviders-styles.8fUgygft.mjs (149 B) (154 B gzip)
  ├─ .output/server/chunks/build/OIDCProviders-styles.8fUgygft.mjs.map (256 B) (183 B gzip)
  ├─ .output/server/chunks/build/OpenSourceStats-styles.C2Yw86WN.mjs (149 B) (152 B gzip)
  ├─ .output/server/chunks/build/OpenSourceStats-styles.C2Yw86WN.mjs.map (262 B) (184 B gzip)
  ├─ .output/server/chunks/build/PDFViewer-BErEu_3y.mjs (4.5 kB) (2.04 kB gzip)
  ├─ .output/server/chunks/build/PDFViewer-BErEu_3y.mjs.map (1.47 kB) (769 B gzip)
  ├─ .output/server/chunks/build/PDFViewer-styles.COAT5fh7.mjs (2.81 kB) (994 B gzip)
  ├─ .output/server/chunks/build/PDFViewer-styles.COAT5fh7.mjs.map (234 B) (176 B gzip)
  ├─ .output/server/chunks/build/Permissions-styles.BtreXoCD.mjs (2.09 kB) (692 B gzip)
  ├─ .output/server/chunks/build/Permissions-styles.BtreXoCD.mjs.map (240 B) (172 B gzip)
  ├─ .output/server/chunks/build/preview-B7_9NTed.mjs (4.5 kB) (1.98 kB gzip)
  ├─ .output/server/chunks/build/preview-B7_9NTed.mjs.map (3.83 kB) (1.57 kB gzip)
  ├─ .output/server/chunks/build/Preview-styles.D21PxET1.mjs (1.29 kB) (512 B gzip)
  ├─ .output/server/chunks/build/Preview-styles.D21PxET1.mjs.map (228 B) (172 B gzip)
  ├─ .output/server/chunks/build/preview-styles.DncS0avf.mjs (458 B) (274 B gzip)
  ├─ .output/server/chunks/build/preview-styles.DncS0avf.mjs.map (228 B) (169 B gzip)
  ├─ .output/server/chunks/build/privacy-c-E_kulF.mjs (5.16 kB) (1.85 kB gzip)
  ├─ .output/server/chunks/build/privacy-c-E_kulF.mjs.map (196 B) (164 B gzip)
  ├─ .output/server/chunks/build/privacy-styles.DPi3mu6x.mjs (149 B) (157 B gzip)
  ├─ .output/server/chunks/build/privacy-styles.DPi3mu6x.mjs.map (228 B) (171 B gzip)
  ├─ .output/server/chunks/build/profile-styles.CFrrED36.mjs (677 B) (392 B gzip)
  ├─ .output/server/chunks/build/profile-styles.CFrrED36.mjs.map (228 B) (170 B gzip)
  ├─ .output/server/chunks/build/public-DyMUZSkZ.mjs (2.44 kB) (1.08 kB gzip)
  ├─ .output/server/chunks/build/public-DyMUZSkZ.mjs.map (1.13 kB) (496 B gzip)
  ├─ .output/server/chunks/build/public-styles-1.mjs-Nl3lLBI9.mjs (754 B) (352 B gzip)
  ├─ .output/server/chunks/build/public-styles-1.mjs-Nl3lLBI9.mjs.map (93 B) (104 B gzip)
  ├─ .output/server/chunks/build/public-styles.D3zZPQtC.mjs (283 B) (248 B gzip)
  ├─ .output/server/chunks/build/public-styles.D3zZPQtC.mjs.map (235 B) (176 B gzip)
  ├─ .output/server/chunks/build/QuickSearchTab-styles.CiBBrjBy.mjs (152 B) (153 B gzip)
  ├─ .output/server/chunks/build/QuickSearchTab-styles.CiBBrjBy.mjs.map (259 B) (183 B gzip)
  ├─ .output/server/chunks/build/Recent-styles.Dco5Q_QL.mjs (139 B) (143 B gzip)
  ├─ .output/server/chunks/build/Recent-styles.Dco5Q_QL.mjs.map (235 B) (174 B gzip)
  ├─ .output/server/chunks/build/RemoveShared-ByQhArL7.mjs (2.22 kB) (1.07 kB gzip)
  ├─ .output/server/chunks/build/RemoveShared-ByQhArL7.mjs.map (1.94 kB) (867 B gzip)
  ├─ .output/server/chunks/build/RemoveShared-styles.t-GXA1Cj.mjs (150 B) (160 B gzip)
  ├─ .output/server/chunks/build/RemoveShared-styles.t-GXA1Cj.mjs.map (242 B) (177 B gzip)
  ├─ .output/server/chunks/build/request-reset-BEj3BuxU.mjs (2.47 kB) (1.13 kB gzip)
  ├─ .output/server/chunks/build/request-reset-BEj3BuxU.mjs.map (1.27 kB) (614 B gzip)
  ├─ .output/server/chunks/build/request-reset-styles.BL5bjGv2.mjs (995 B) (467 B gzip)
  ├─ .output/server/chunks/build/request-reset-styles.BL5bjGv2.mjs.map (245 B) (178 B gzip)
  ├─ .output/server/chunks/build/reset-DqptRLho.mjs (3.49 kB) (1.29 kB gzip)
  ├─ .output/server/chunks/build/reset-DqptRLho.mjs.map (1.92 kB) (809 B gzip)
  ├─ .output/server/chunks/build/reset-styles.BfBjnPMF.mjs (1.43 kB) (599 B gzip)
  ├─ .output/server/chunks/build/reset-styles.BfBjnPMF.mjs.map (222 B) (169 B gzip)
  ├─ .output/server/chunks/build/ResetBoard.modal-styles.BVLluIct.mjs (153 B) (159 B gzip)
  ├─ .output/server/chunks/build/ResetBoard.modal-styles.BVLluIct.mjs.map (255 B) (179 B gzip)
  ├─ .output/server/chunks/build/Resizable-styles.BG3rNQx5.mjs (148 B) (152 B gzip)
  ├─ .output/server/chunks/build/Resizable-styles.BG3rNQx5.mjs.map (244 B) (179 B gzip)
  ├─ .output/server/chunks/build/ResourceContextMenu-styles._-6qbBIU.mjs (1.49 kB) (626 B gzip)
  ├─ .output/server/chunks/build/ResourceContextMenu-styles._-6qbBIU.mjs.map (263 B) (181 B gzip)
  ├─ .output/server/chunks/build/resources-DKHYpD6Q.mjs (924 B) (489 B gzip)
  ├─ .output/server/chunks/build/resources-DKHYpD6Q.mjs.map (956 B) (536 B gzip)
  ├─ .output/server/chunks/build/resources-parent-D6ZGE1EZ.mjs (7.65 kB) (2.85 kB gzip)
  ├─ .output/server/chunks/build/resources-parent-D6ZGE1EZ.mjs.map (6.5 kB) (2.8 kB gzip)
  ├─ .output/server/chunks/build/resources.store-JdcTEYV2.mjs (678 B) (386 B gzip)
  ├─ .output/server/chunks/build/resources.store-JdcTEYV2.mjs.map (1 kB) (504 B gzip)
  ├─ .output/server/chunks/build/SearchResultsList-styles.25o0IiEO.mjs (155 B) (157 B gzip)
  ├─ .output/server/chunks/build/SearchResultsList-styles.25o0IiEO.mjs.map (268 B) (184 B gzip)
  ├─ .output/server/chunks/build/SecuritySection2FA-styles.D2gtv9Dl.mjs (1.25 kB) (520 B gzip)
  ├─ .output/server/chunks/build/SecuritySection2FA-styles.D2gtv9Dl.mjs.map (261 B) (180 B gzip)
  ├─ .output/server/chunks/build/SecuritySectionDanger-styles.BKvizod8.mjs (2.22 kB) (747 B gzip)
  ├─ .output/server/chunks/build/SecuritySectionDanger-styles.BKvizod8.mjs.map (270 B) (181 B gzip)
  ├─ .output/server/chunks/build/SecuritySectionOIDC-styles.DWR8YGH5.mjs (1.12 kB) (462 B gzip)
  ├─ .output/server/chunks/build/SecuritySectionOIDC-styles.DWR8YGH5.mjs.map (264 B) (185 B gzip)
  ├─ .output/server/chunks/build/SecuritySectionPassword-styles.CW4_9LkH.mjs (217 B) (201 B gzip)
  ├─ .output/server/chunks/build/SecuritySectionPassword-styles.CW4_9LkH.mjs.map (276 B) (185 B gzip)
  ├─ .output/server/chunks/build/SecuritySectionSessions-styles.DAHECqXX.mjs (497 B) (316 B gzip)
  ├─ .output/server/chunks/build/SecuritySectionSessions-styles.DAHECqXX.mjs.map (276 B) (183 B gzip)
  ├─ .output/server/chunks/build/SelfHostSteps-styles.BNuTL2OQ.mjs (147 B) (150 B gzip)
  ├─ .output/server/chunks/build/SelfHostSteps-styles.BNuTL2OQ.mjs.map (256 B) (183 B gzip)
  ├─ .output/server/chunks/build/SessionCard-styles.CvR8fe-n.mjs (3.29 kB) (939 B gzip)
  ├─ .output/server/chunks/build/SessionCard-styles.CvR8fe-n.mjs.map (239 B) (173 B gzip)
  ├─ .output/server/chunks/build/settings-BVip72oe.mjs (4.03 kB) (1.67 kB gzip)
  ├─ .output/server/chunks/build/settings-BVip72oe.mjs.map (2.53 kB) (1.15 kB gzip)
  ├─ .output/server/chunks/build/settings-DJxw9iFK.mjs (76.3 kB) (16.4 kB gzip)
  ├─ .output/server/chunks/build/settings-DJxw9iFK.mjs.map (7.85 kB) (2.64 kB gzip)
  ├─ .output/server/chunks/build/settings-styles.BKz-wmXs.mjs (247 B) (199 B gzip)
  ├─ .output/server/chunks/build/settings-styles.BKz-wmXs.mjs.map (230 B) (173 B gzip)
  ├─ .output/server/chunks/build/share-target-RyLO7PBk.mjs (3.83 kB) (1.47 kB gzip)
  ├─ .output/server/chunks/build/share-target-RyLO7PBk.mjs.map (1.95 kB) (872 B gzip)
  ├─ .output/server/chunks/build/share-target-styles.BFxDMHEE.mjs (1.34 kB) (536 B gzip)
  ├─ .output/server/chunks/build/share-target-styles.BFxDMHEE.mjs.map (242 B) (177 B gzip)
  ├─ .output/server/chunks/build/shortcuts-styles.38n0DAnO.mjs (619 B) (344 B gzip)
  ├─ .output/server/chunks/build/shortcuts-styles.38n0DAnO.mjs.map (234 B) (172 B gzip)
  ├─ .output/server/chunks/build/Sidebar-styles.0fGqmsTG.mjs (146 B) (149 B gzip)
  ├─ .output/server/chunks/build/Sidebar-styles.0fGqmsTG.mjs.map (238 B) (176 B gzip)
  ├─ .output/server/chunks/build/SidebarItem-styles.CloUfI61.mjs (149 B) (151 B gzip)
  ├─ .output/server/chunks/build/SidebarItem-styles.CloUfI61.mjs.map (250 B) (181 B gzip)
  ├─ .output/server/chunks/build/SidebarSkeleton-styles.DyXZ6yt-.mjs (153 B) (155 B gzip)
  ├─ .output/server/chunks/build/SidebarSkeleton-styles.DyXZ6yt-.mjs.map (262 B) (184 B gzip)
  ├─ .output/server/chunks/build/SidebarWorkspace-styles.8CJ8Ujb3.mjs (155 B) (157 B gzip)
  ├─ .output/server/chunks/build/SidebarWorkspace-styles.8CJ8Ujb3.mjs.map (265 B) (186 B gzip)
  ├─ .output/server/chunks/build/SidebarWorkspaces-styles.PAzY39cT.mjs (156 B) (159 B gzip)
  ├─ .output/server/chunks/build/SidebarWorkspaces-styles.PAzY39cT.mjs.map (268 B) (186 B gzip)
  ├─ .output/server/chunks/build/signup-BgLDDFPl.mjs (4.34 kB) (1.47 kB gzip)
  ├─ .output/server/chunks/build/signup-BgLDDFPl.mjs.map (2.33 kB) (943 B gzip)
  ├─ .output/server/chunks/build/signup-styles.BeBJhk6G.mjs (2.24 kB) (792 B gzip)
  ├─ .output/server/chunks/build/signup-styles.BeBJhk6G.mjs.map (225 B) (170 B gzip)
  ├─ .output/server/chunks/build/Skeleton-styles.D1Bn8lCJ.mjs (609 B) (353 B gzip)
  ├─ .output/server/chunks/build/Skeleton-styles.D1Bn8lCJ.mjs.map (231 B) (172 B gzip)
  ├─ .output/server/chunks/build/SnippetModal-styles.CXh0Qn5j.mjs (185 B) (173 B gzip)
  ├─ .output/server/chunks/build/SnippetModal-styles.CXh0Qn5j.mjs.map (243 B) (175 B gzip)
  ├─ .output/server/chunks/build/snippets-styles.GOjvuQJI.mjs (2.13 kB) (778 B gzip)
  ├─ .output/server/chunks/build/snippets-styles.GOjvuQJI.mjs.map (231 B) (171 B gzip)
  ├─ .output/server/chunks/build/SplashScreen-styles.CsQ7rpIK.mjs (146 B) (150 B gzip)
  ├─ .output/server/chunks/build/SplashScreen-styles.CsQ7rpIK.mjs.map (253 B) (180 B gzip)
  ├─ .output/server/chunks/build/Stats-CMzGEqGv.mjs (2.07 kB) (723 B gzip)
  ├─ .output/server/chunks/build/Stats-CMzGEqGv.mjs.map (896 B) (412 B gzip)
  ├─ .output/server/chunks/build/Stats-styles.0v52oFWV.mjs (652 B) (379 B gzip)
  ├─ .output/server/chunks/build/Stats-styles.0v52oFWV.mjs.map (222 B) (170 B gzip)
  ├─ .output/server/chunks/build/Status-BznGG0Xp.mjs (2.29 kB) (926 B gzip)
  ├─ .output/server/chunks/build/Status-BznGG0Xp.mjs.map (1.39 kB) (652 B gzip)
  ├─ .output/server/chunks/build/Status-styles.TXlwqYOs.mjs (1.23 kB) (482 B gzip)
  ├─ .output/server/chunks/build/Status-styles.TXlwqYOs.mjs.map (225 B) (170 B gzip)
  ├─ .output/server/chunks/build/Support-CBL9lEVL.mjs (3.48 kB) (1.36 kB gzip)
  ├─ .output/server/chunks/build/Support-CBL9lEVL.mjs.map (1.06 kB) (511 B gzip)
  ├─ .output/server/chunks/build/Support-styles.BLLeu8EJ.mjs (3.48 kB) (1.1 kB gzip)
  ├─ .output/server/chunks/build/Support-styles.BLLeu8EJ.mjs.map (228 B) (171 B gzip)
  ├─ .output/server/chunks/build/Tab-styles.CS1bTjYh.mjs (142 B) (145 B gzip)
  ├─ .output/server/chunks/build/Tab-styles.CS1bTjYh.mjs.map (226 B) (174 B gzip)
  ├─ .output/server/chunks/build/TabNavigation-styles.D8f2bjBY.mjs (151 B) (154 B gzip)
  ├─ .output/server/chunks/build/TabNavigation-styles.D8f2bjBY.mjs.map (256 B) (184 B gzip)
  ├─ .output/server/chunks/build/TagList-styles.D-hJdDHx.mjs (242 B) (192 B gzip)
  ├─ .output/server/chunks/build/TagList-styles.D-hJdDHx.mjs.map (227 B) (171 B gzip)
  ├─ .output/server/chunks/build/TagList-vcYSAyjB.mjs (12.6 kB) (3.82 kB gzip)
  ├─ .output/server/chunks/build/TagList-vcYSAyjB.mjs.map (9.75 kB) (3.62 kB gzip)
  ├─ .output/server/chunks/build/Team-PkjSB3Js.mjs (2.45 kB) (1.11 kB gzip)
  ├─ .output/server/chunks/build/Team-PkjSB3Js.mjs.map (2.08 kB) (912 B gzip)
  ├─ .output/server/chunks/build/Team-styles.BwzJii7F.mjs (1.26 kB) (593 B gzip)
  ├─ .output/server/chunks/build/Team-styles.BwzJii7F.mjs.map (219 B) (170 B gzip)
  ├─ .output/server/chunks/build/teams-C2kvbamG.mjs (3.87 kB) (1.63 kB gzip)
  ├─ .output/server/chunks/build/teams-C2kvbamG.mjs.map (2.63 kB) (1.06 kB gzip)
  ├─ .output/server/chunks/build/teams-COoiYyGp.mjs (950 B) (494 B gzip)
  ├─ .output/server/chunks/build/teams-COoiYyGp.mjs.map (79 B) (92 B gzip)
  ├─ .output/server/chunks/build/teams-styles.BrJBofmI.mjs (155 B) (158 B gzip)
  ├─ .output/server/chunks/build/teams-styles.BrJBofmI.mjs.map (222 B) (167 B gzip)
  ├─ .output/server/chunks/build/Thumbnail-styles.CA1F9l1B.mjs (265 B) (205 B gzip)
  ├─ .output/server/chunks/build/Thumbnail-styles.CA1F9l1B.mjs.map (234 B) (174 B gzip)
  ├─ .output/server/chunks/build/TOC-styles.Il_LH3-s.mjs (2.24 kB) (809 B gzip)
  ├─ .output/server/chunks/build/TOC-styles.Il_LH3-s.mjs.map (215 B) (170 B gzip)
  ├─ .output/server/chunks/build/Toolbar-styles.Db30G_Ao.mjs (150 B) (154 B gzip)
  ├─ .output/server/chunks/build/Toolbar-styles.Db30G_Ao.mjs.map (238 B) (177 B gzip)
  ├─ .output/server/chunks/build/uploads-7PO9-Jho.mjs (1.96 kB) (975 B gzip)
  ├─ .output/server/chunks/build/uploads-7PO9-Jho.mjs.map (450 B) (294 B gzip)
  ├─ .output/server/chunks/build/useApi-CdDw9Hvh.mjs (562 B) (375 B gzip)
  ├─ .output/server/chunks/build/useApi-CdDw9Hvh.mjs.map (770 B) (470 B gzip)
  ├─ .output/server/chunks/build/useAppColors-DkZOAerz.mjs (445 B) (304 B gzip)
  ├─ .output/server/chunks/build/useAppColors-DkZOAerz.mjs.map (524 B) (339 B gzip)
  ├─ .output/server/chunks/build/useDateFormatters-GJXTUuLd.mjs (1.59 kB) (660 B gzip)
  ├─ .output/server/chunks/build/useDateFormatters-GJXTUuLd.mjs.map (2.1 kB) (931 B gzip)
  ├─ .output/server/chunks/build/useDrawioIframe-A9Lftd5R.mjs (3.86 kB) (1.8 kB gzip)
  ├─ .output/server/chunks/build/useDrawioIframe-A9Lftd5R.mjs.map (5.01 kB) (2.31 kB gzip)
  ├─ .output/server/chunks/build/useI18n-B7loz-lU.mjs (139 B) (137 B gzip)
  ├─ .output/server/chunks/build/useI18n-B7loz-lU.mjs.map (183 B) (158 B gzip)
  ├─ .output/server/chunks/build/useLocaleOptions-CxqilMSt.mjs (455 B) (315 B gzip)
  ├─ .output/server/chunks/build/useLocaleOptions-CxqilMSt.mjs.map (624 B) (387 B gzip)
  ├─ .output/server/chunks/build/useMark-CWVy8A9z.mjs (432 B) (284 B gzip)
  ├─ .output/server/chunks/build/useMark-CWVy8A9z.mjs.map (617 B) (381 B gzip)
  ├─ .output/server/chunks/build/useOIDC-GXHtJAnP.mjs (1.89 kB) (717 B gzip)
  ├─ .output/server/chunks/build/useOIDC-GXHtJAnP.mjs.map (2.07 kB) (930 B gzip)
  ├─ .output/server/chunks/build/usePasswordField-Pb9v7TMc.mjs (213 B) (175 B gzip)
  ├─ .output/server/chunks/build/usePasswordField-Pb9v7TMc.mjs.map (298 B) (221 B gzip)
  ├─ .output/server/chunks/build/UserAvatar-CXWx96DY.mjs (1.19 kB) (710 B gzip)
  ├─ .output/server/chunks/build/UserAvatar-CXWx96DY.mjs.map (915 B) (509 B gzip)
  ├─ .output/server/chunks/build/UserAvatar-styles.DK53nbcY.mjs (593 B) (321 B gzip)
  ├─ .output/server/chunks/build/UserAvatar-styles.DK53nbcY.mjs.map (237 B) (174 B gzip)
  ├─ .output/server/chunks/build/UserCreation-styles.B-2UjV5u.mjs (149 B) (152 B gzip)
  ├─ .output/server/chunks/build/UserCreation-styles.B-2UjV5u.mjs.map (252 B) (182 B gzip)
  ├─ .output/server/chunks/build/users-BqfoR4hF.mjs (956 B) (496 B gzip)
  ├─ .output/server/chunks/build/users-BqfoR4hF.mjs.map (79 B) (92 B gzip)
  ├─ .output/server/chunks/build/users-Dz78OkEN.mjs (2.94 kB) (1.29 kB gzip)
  ├─ .output/server/chunks/build/users-Dz78OkEN.mjs.map (2.26 kB) (998 B gzip)
  ├─ .output/server/chunks/build/ViewSelection-styles.D0gEDVMr.mjs (798 B) (425 B gzip)
  ├─ .output/server/chunks/build/ViewSelection-styles.D0gEDVMr.mjs.map (246 B) (175 B gzip)
  ├─ .output/server/chunks/build/VoiceRecognition-styles.BztyWaao.mjs (159 B) (158 B gzip)
  ├─ .output/server/chunks/build/VoiceRecognition-styles.BztyWaao.mjs.map (265 B) (183 B gzip)
  ├─ .output/server/chunks/build/Welcome-styles.C_nE27Y3.mjs (140 B) (143 B gzip)
  ├─ .output/server/chunks/build/Welcome-styles.C_nE27Y3.mjs.map (238 B) (177 B gzip)
  ├─ .output/server/chunks/build/Workspace-styles.j4JemTGF.mjs (142 B) (147 B gzip)
  ├─ .output/server/chunks/build/Workspace-styles.j4JemTGF.mjs.map (244 B) (179 B gzip)
  ├─ .output/server/chunks/build/WorkspaceTree-styles.B-pvJ0qY.mjs (150 B) (152 B gzip)
  ├─ .output/server/chunks/build/WorkspaceTree-styles.B-pvJ0qY.mjs.map (255 B) (184 B gzip)
  ├─ .output/server/chunks/nitro/nitro.mjs (703 kB) (210 kB gzip)
  ├─ .output/server/chunks/nitro/nitro.mjs.map (39.9 kB) (12.2 kB gzip)
  ├─ .output/server/chunks/routes/renderer.mjs (8.83 kB) (3.85 kB gzip)
  ├─ .output/server/chunks/routes/renderer.mjs.map (3.93 kB) (1.5 kB gzip)
  ├─ .output/server/chunks/virtual/_virtual_spa-template.mjs (3.49 kB) (1.26 kB gzip)
  ├─ .output/server/chunks/virtual/_virtual_spa-template.mjs.map (86 B) (95 B gzip)
  ├─ .output/server/chunks/virtual/entry.mjs (223 kB) (59.1 kB gzip)
  ├─ .output/server/chunks/virtual/entry.mjs.map (44.8 kB) (15.2 kB gzip)
  ├─ .output/server/chunks/virtual/precomputed.mjs (947 kB) (39.4 kB gzip)
  ├─ .output/server/chunks/virtual/precomputed.mjs.map (76 B) (88 B gzip)
  ├─ .output/server/chunks/virtual/styles.mjs (19.6 kB) (3.57 kB gzip)
  ├─ .output/server/chunks/virtual/styles.mjs.map (210 B) (165 B gzip)
  ├─ .output/server/index.mjs (338 B) (208 B gzip)
  └─ .output/server/package.json (3.83 kB) (1.26 kB gzip)
Σ Total size: 21.4 MB (5.62 MB gzip)
[success] [nitro] You can preview this build using `node .output/server/index.mjs`
[log] |
—  ✨ Build complete!
Listening on http://127.0.0.1:38269
